distancia,excluido,frame,grupo_metrica,iou,logical_id,margem_aparencia,novo_track,papel,rotulo,score,score_aparencia,score_papel,tracker_id
0.0,False,1,time1,1.0,5,,,time1,TIME1,0.65,0.0,0.0,1
0.0,False,1,time0,1.0,4,,,time0,TIME0,0.65,0.0,0.0,6
0.0,False,1,time0,1.0,3,,,time0,TIME0,0.65,0.0,0.0,8
0.0,False,1,goleiro_time1,1.0,9,,,goleiro1,GOL-TIME1,0.65,0.0,0.0,9
0.0,False,1,time1,1.0,7,,,time1,TIME1,0.65,0.0,0.0,10
0.0,False,1,time0,0.999999882346574,1,,,time0,TIME0,0.6499999647039721,0.0,0.0,5
0.0,False,1,time1,0.9999998152584341,6,,,time1,TIME1,0.6499999445775302,0.0,0.0,7
0.0,False,1,time1,0.9999995004658156,8,,,time1,TIME1,0.6499998501397447,0.0,0.0,4
0.0,False,1,time0,0.9999994540853162,0,,,time0,TIME0,0.6499998362255949,0.0,0.0,2
0.0,False,1,time0,0.999997834804223,2,,,time0,TIME0,0.6499993504412669,0.0,0.0,3
1.8658506044129238e-05,False,2,time0,0.9985182112343909,0,,,time0,TIME0,0.6495257793834288,0.0,0.0,2
0.0004046938415513737,False,2,time0,0.97895121033468,3,,,time0,TIME0,0.643041531988845,0.0,0.0,8
0.0001870799896215885,False,2,time0,0.9684463586437757,2,,,time0,TIME0,0.6402362803369166,0.0,0.0,3
0.0003157288160685057,False,2,time1,0.9528741547641797,6,,,time1,TIME1,0.6353599505855085,0.0,0.0,7
0.00048690694620073495,False,2,time1,0.9518786747308612,8,,,time1,TIME1,0.6347889777321207,0.0,0.0,4
0.000668459491551399,False,2,time0,0.9474120102589406,4,,,time0,TIME0,0.6331601447956686,0.0,0.0,6
0.00025659095093341134,False,2,goleiro_time1,0.9428841534123927,9,,,goleiro1,GOL-TIME1,0.6324570331472329,0.0,0.0,9
0.0011394299280517934,False,2,time1,0.9148738272656978,5,,,time1,TIME1,0.6226494187487178,0.0,0.0,1
0.0012999512158432852,False,2,time0,0.895298814865672,1,,,time0,TIME0,0.6165215402526781,0.0,0.0,5
0.0016405319445061007,False,2,time1,0.7616723319874612,7,,,time1,TIME1,0.5758917624117968,0.0,0.0,10
1.4018066588426488e-05,False,3,time0,0.9989411898294134,0,,,time0,TIME0,0.9974113602166229,0.9910289576055809,1.0,2
0.00015636439126904688,False,3,goleiro_time1,0.9748395658717021,9,,,goleiro1,GOL-TIME1,0.9900640836417335,0.991306717251087,1.0,9
0.0005557846660287099,False,3,time1,0.9533119593562503,8,,,time1,TIME1,0.9831680767983971,0.991247917269604,1.0,4
0.00016716374084645548,False,3,time0,0.9833880018443879,2,,,time0,TIME0,0.9782758132989521,0.9339836249293321,1.0,3
0.0004570322749853421,False,3,time1,0.9371116841925836,6,,,time1,TIME1,0.9613727012792918,0.9232644624714503,1.0,7
0.001333003559994289,False,3,time1,0.9037598243064124,5,,,time1,TIME1,0.9554926457054501,0.9435196669233853,1.0,1
0.0014017625660686824,False,3,time0,0.8702450503794473,1,,,time0,TIME0,0.95398838446935,0.9780141253080687,1.0,5
0.00024298493426652055,False,3,time0,0.9758174432413298,3,,,time0,TIME0,0.8829653124553325,0.9632736481750259,0.0,8
0.0003887521064165806,False,3,time0,0.9665039762150516,4,,,time0,TIME0,0.8763249773130268,0.947682545818272,0.0,6
0.0013219913881107803,False,3,time1,0.7958117912526135,7,,,time1,TIME1,0.5872148154266446,0.0,0.0,10
2.2104293231218357e-05,False,4,time0,0.9984854300240902,0,,,time0,TIME0,0.9972770208697422,0.9910289576055809,1.0,2
0.000128724912323812,False,4,goleiro_time1,0.9787669208371673,9,,,goleiro1,GOL-TIME1,0.9912567581596666,0.991306717251087,1.0,9
0.0001427497627817841,False,4,time0,0.9787731525138833,2,,,time0,TIME0,0.9767955019085913,0.9339836249293321,1.0,3
0.0014581073603903458,False,4,time1,0.9278954159341039,8,,,time1,TIME1,0.9742114867067252,0.991247917269604,1.0,4
0.0016400412609912972,False,4,time1,0.8928138948490415,5,,,time1,TIME1,0.951911861533269,0.9435196669233853,1.0,1
0.0007075818627060425,False,4,time1,0.9057445592965665,6,,,time1,TIME1,0.9517253391002211,0.9232644624714503,1.0,7
0.002206594431314434,False,4,time0,0.7980201617905093,1,,,time0,TIME0,0.9313543120927654,0.9780141253080687,1.0,5
0.00029272957364948033,False,4,time0,0.9799028672046152,4,,,time0,TIME0,0.8804463693945501,0.947682545818272,0.0,6
0.0005235421120207265,False,4,time0,0.9534822731922306,3,,,time0,TIME0,0.8761033002087646,0.9632736481750259,0.0,8
2.0901011702979404e-05,False,5,time0,0.9985052447530859,0,,,time0,TIME0,0.9972665606735821,0.9910289576055809,1.0,2
9.254356660785636e-05,False,5,goleiro_time1,0.9810719328636822,9,,,goleiro1,GOL-TIME1,0.9919768778614714,0.991306717251087,1.0,9
0.0003847189588357698,False,5,time0,0.9651468363312491,2,,,time0,TIME0,0.972523624850922,0.9339836249293321,1.0,3
0.0012738167381189354,False,5,time1,0.918415850797226,8,,,time1,TIME1,0.9719399630828961,0.991247917269604,1.0,4
0.0019267903756422437,False,5,time1,0.8850178202555065,5,,,time1,TIME1,0.949396844060323,0.9435196669233853,1.0,1
0.000968430883197403,False,5,time1,0.8802147825642895,6,,,time1,TIME1,0.9437690717864827,0.9232644624714503,1.0,7
0.002423662428273424,False,5,time0,0.7676861795662181,1,,,time0,TIME0,0.9222998764120057,0.9780141253080687,1.0,5
0.0005874763679271259,False,5,time0,0.946968855460307,3,,,time0,TIME0,0.8742720325778972,0.9632736481750259,0.0,8
0.0004336173061331016,False,5,time0,0.953291746203401,4,,,time0,TIME0,0.872153015672209,0.947682545818272,0.0,6
1.2332084759942839e-05,False,6,time0,0.9986755718301967,0,,,time0,TIME0,0.9973399908631472,0.9910370032972557,1.0,2
0.00016813267844459766,False,6,goleiro_time1,0.9662754364786437,9,,,goleiro1,GOL-TIME1,0.987545776979864,0.991696561426342,1.0,9
0.0009714970463764447,False,6,time1,0.9389045350066945,8,,,time1,TIME1,0.9769752236257241,0.9856626342844564,1.0,4
0.00045065896985396303,False,6,time0,0.9554375976384619,3,,,time0,TIME0,0.9765205024427501,0.9619551987946142,1.0,8
0.00036220999407256125,False,6,time0,0.9708577967403741,2,,,time0,TIME0,0.975086013054397,0.9369431535543343,1.0,3
0.0018880227252418915,False,6,time1,0.8890483468128046,5,,,time1,TIME1,0.950857453731302,0.9436722304299536,1.0,1
0.0012150594165161552,False,6,time0,0.872656227513431,1,,,time0,TIME0,0.9504693256321027,0.9625358540252451,1.0,5
0.0006873348261737345,False,6,time0,0.944507187148885,4,,,time0,TIME0,0.8691901986127771,0.946596175455361,0.0,6
0.0003741942235951717,False,6,time1,0.9412805615200843,6,,,time1,TIME1,0.859933009921632,0.9132210159207037,0.0,7
0.010895799124561996,False,6,time1,0.25469494908944856,7,,,time1,TIME1,0.4096332716737494,0.0,0.0,12
0.00020398570326503118,False,7,time0,0.9885440786967303,0,,,time0,TIME0,0.9940039472264699,0.9910370032972557,1.0,2
6.833209949440673e-05,False,7,goleiro_time1,0.9831062988188178,9,,,goleiro1,GOL-TIME1,0.9927213262145657,0.991696561426342,1.0,9
0.0004121863028383115,False,7,time0,0.9628768913673287,2,,,time0,TIME0,0.9725381751393442,0.9369431535543343,1.0,3
0.0010248224527672723,False,7,time0,0.9184796716005688,3,,,time0,TIME0,0.9646971727078117,0.9619551987946142,1.0,8
0.001262290139969907,False,7,time1,0.8825188570306106,8,,,time1,TIME1,0.9595551072868594,0.9856626342844564,1.0,4
0.0017698428791572878,False,7,time1,0.9007627015813073,5,,,time1,TIME1,0.9543286756909237,0.9436722304299536,1.0,1
0.0010771266164830596,False,7,time0,0.8777398040257431,1,,,time0,TIME0,0.9528479360095559,0.9625358540252451,1.0,5
0.001103966680055619,False,7,time0,0.9451646020065695,4,,,time0,TIME0,0.8685996730705043,0.946596175455361,0.0,6
7.289831748793439e-05,False,7,time1,0.9512728270349997,6,,,time1,TIME1,0.8634010472693079,0.9132210159207037,0.0,7
0.0009754257613667651,False,7,time1,0.8508456272123955,7,,,time1,TIME1,0.5974973306301218,0.0,0.0,12
2.8592213891646226e-05,False,8,time0,0.997178461421281,0,,,time0,TIME0,0.9967660646923655,0.9910370032972557,1.0,2
0.0001279870987354471,False,8,goleiro_time1,0.978260959969518,9,,,goleiro1,GOL-TIME1,0.9911892717294132,0.991696561426342,1.0,9
0.00021034443552217253,False,8,time0,0.9788648739057719,3,,,time0,TIME0,0.9833602852642844,0.9619551987946142,1.0,8
0.0008697349065531731,False,8,time1,0.9091325917800797,8,,,time1,TIME1,0.9680042319173268,0.9856626342844564,1.0,4
0.0007491168626065497,False,8,time0,0.9372052798824292,2,,,time0,TIME0,0.9644327050719842,0.9369431535543343,1.0,3
0.0018226057649926835,False,8,time1,0.8911106662408129,5,,,time1,TIME1,0.9515560315138173,0.9436722304299536,1.0,1
0.0021966056328656452,False,8,time0,0.7825665417918899,1,,,time0,TIME0,0.922590222258915,0.9625358540252451,1.0,5
0.0006269595984532331,False,8,time0,0.9669376357138216,4,,,time0,TIME0,0.8758153601867147,0.946596175455361,0.0,6
0.00016515916526234153,False,8,time1,0.9736199111089606,6,,,time1,TIME1,0.8701211711241408,0.9132210159207037,0.0,7
0.0007760667110349855,False,8,time1,0.7194422792679025,7,,,time1,TIME1,0.5645040716422838,0.0,0.0,12
4.2042919739147894e-05,False,9,time0,0.9972646404298393,0,,,time0,TIME0,0.9970178671974427,0.9916042397408773,1.0,2
0.00014998148503601595,False,9,goleiro_time1,0.9776658390722056,9,,,goleiro1,GOL-TIME1,0.9908464545420334,0.9908107768091927,1.0,9
0.00026191802769588696,False,9,time0,0.9746832824193197,3,,,time0,TIME0,0.9832043779939988,0.965142876295657,1.0,8
0.001051820598415114,False,9,time0,0.9176845293747037,2,,,time0,TIME0,0.9572167173258802,0.9324345216925003,1.0,3
0.002061264851250492,False,9,time1,0.8846171076575793,5,,,time1,TIME1,0.9492951218396517,0.9438067725185864,1.0,1
0.002516990513960838,False,9,time0,0.7546613452329208,1,,,time0,TIME0,0.912379145471219,0.9543490743157093,1.0,5
0.0004375558124714738,False,9,time0,0.9703766682455226,4,,,time0,TIME0,0.8765984258408273,0.9440757291087671,0.0,6
0.0003669929407649351,False,9,time1,0.965996303033018,6,,,time1,TIME1,0.8652185745604424,0.9040871597557983,0.0,7
0.0009489967314828881,False,9,time1,0.8998828021361732,8,,,time1,TIME1,0.8641689009954344,0.9806572139272878,0.0,4
0.0011229032486525584,False,9,time1,0.8105124841131576,7,,,time1,TIME1,0.81551682939794,0.894814360921136,0.0,12
1.9159713355624382e-05,False,10,time0,0.997863977044859,0,,,time0,TIME0,0.9972075119983722,0.9916042397408773,1.0,2
0.0001703259530912955,False,10,goleiro_time1,0.9743307551861754,9,,,goleiro1,GOL-TIME1,0.989830851751624,0.9908107768091927,1.0,9
0.00017389768973671163,False,10,time0,0.9772356325838275,3,,,time0,TIME0,0.9841254335377623,0.965142876295657,1.0,8
0.0009387416895388879,False,10,time0,0.9225934418863347,2,,,time0,TIME0,0.9589477746656326,0.9324345216925003,1.0,3
0.0024887928520780905,False,10,time1,0.8644085073133626,5,,,time1,TIME1,0.9427201947141276,0.9438067725185864,1.0,1
0.0016939993000774929,False,10,time0,0.825394301719262,1,,,time0,TIME0,0.934103509672209,0.9543490743157093,1.0,5
0.0002480980472444962,False,10,time0,0.9788590623312078,4,,,time0,TIME0,0.8793186483450324,0.9440757291087671,0.0,6
0.00024009006894601216,False,10,time1,0.9640812590397931,6,,,time1,TIME1,0.8648149227784716,0.9040871597557983,0.0,7
0.001038844373430685,False,10,time1,0.8924049466937344,8,,,time1,TIME1,0.8617420181717971,0.9806572139272878,0.0,4
0.000624951763314133,False,10,time1,0.9307296258027694,7,,,time1,TIME1,0.851923062173302,0.894814360921136,0.0,12
1.5057203522771048e-05,False,11,time0,0.9983769307694024,0,,,time0,TIME0,0.9973790200654221,0.9916042397408773,1.0,2
0.00010198895792286286,False,11,goleiro_time1,0.9801301467680269,9,,,goleiro1,GOL-TIME1,0.991600914588758,0.9908107768091927,1.0,9
0.00016460946731426728,False,11,time0,0.9894894889693576,3,,,time0,TIME0,0.9879413183213436,0.965142876295657,1.0,8
0.0011596897998745529,False,11,time0,0.9094208113141994,2,,,time0,TIME0,0.9547133923730579,0.9324345216925003,1.0,3
0.003214484345695868,False,11,time1,0.8203326472784231,5,,,time1,TIME1,0.9286334526828778,0.9438067725185864,1.0,1
0.0009162115440098159,False,11,time0,0.7713709171719759,1,,,time0,TIME0,0.9174487262071624,0.9543490743157093,1.0,5
6.882240251641024e-05,False,11,time0,0.9947109747744406,4,,,time0,TIME0,0.8842224444952447,0.9440757291087671,0.0,6
0.00027768303660820093,False,11,time1,0.9647684188065028,6,,,time1,TIME1,0.8651643225263272,0.9040871597557983,0.0,7
0.0011084868330541672,False,11,time1,0.8977425801205836,8,,,time1,TIME1,0.8632586943608921,0.9806572139272878,0.0,4
0.0008175868970824816,False,11,time1,0.915726375993596,7,,,time1,TIME1,0.8474997119298636,0.894814360921136,0.0,12
3.4060735681726465e-05,False,12,time0,0.9973506004091179,0,,,time0,TIME0,0.9972023325715224,0.9921662844362863,1.0,2
8.264231321078764e-05,False,12,goleiro_time1,0.981510846350324,9,,,goleiro1,GOL-TIME1,0.9915489800517593,0.9888560723056532,1.0,9
0.00034570365835502956,False,12,time0,0.9775983329812316,3,,,time0,TIME0,0.9856189868164679,0.9711134858461904,1.0,8
0.0012615772486599382,False,12,time0,0.8935461473526212,2,,,time0,TIME0,0.9492730176026671,0.9297332548649853,1.0,3
0.0032897565767872716,False,12,time1,0.803499437631628,5,,,time1,TIME1,0.9252758680042038,0.949588939448001,1.0,1
0.00021674818007754687,False,12,time0,0.9792409756849266,4,,,time0,TIME0,0.8822819743689942,0.9555843429216653,0.0,6
0.0004926614685746639,False,12,time0,0.924900558355236,1,,,time0,TIME0,0.8608087881552752,0.9381741068560517,0.0,5
0.0014881398092867807,False,12,time1,0.8430757054270049,8,,,time1,TIME1,0.8440437904374887,0.9716149223373023,0.0,4
0.0008486221220700667,False,12,time1,0.8945445251388553,6,,,time1,TIME1,0.8393771363108881,0.8887242250110066,0.0,7
0.0013854472377367209,False,12,time1,0.8618638115917983,7,,,time1,TIME1,0.823411712392131,0.866395311470581,0.0,12
8.53632869801765e-05,False,13,time0,0.996092048978094,0,,,time0,TIME0,0.9967259836634688,0.9921662844362863,1.0,2
0.0005112476286690444,False,13,goleiro_time1,0.9498688705376809,9,,,goleiro1,GOL-TIME1,0.9813434583681244,0.9888560723056532,1.0,9
0.0006930338473312454,False,13,time0,0.962150749465525,3,,,time0,TIME0,0.9805367913484742,0.9711134858461904,1.0,8
0.0016970654632565347,False,13,time0,0.8621560132413206,2,,,time0,TIME0,0.9392349793222127,0.9297332548649853,1.0,3
0.0023517220965325403,False,13,time1,0.8435737061094961,5,,,time1,TIME1,0.9376755032734927,0.949588939448001,1.0,1
0.0003385548074326248,False,13,time0,0.9744131070211826,4,,,time0,TIME0,0.8806476574954006,0.9555843429216653,0.0,6
0.0012964936016716647,False,13,time1,0.8662686996032735,8,,,time1,TIME1,0.8514392160235311,0.9716149223373023,0.0,4
0.001313968976452085,False,13,time0,0.8910834324578214,1,,,time0,TIME0,0.8499624637725337,0.9381741068560517,0.0,5
0.0008996207388906975,False,13,time1,0.8922631343614095,6,,,time1,TIME1,0.8388476271511797,0.8887242250110066,0.0,7
0.001932062889737208,False,13,time1,0.8132931549030403,7,,,time1,TIME1,0.8084553489233208,0.866395311470581,0.0,12
0.00014222893155413203,False,14,time0,0.9894718039157048,0,,,time0,TIME0,0.9946464072113812,0.9921662844362863,1.0,2
0.0001482162267399713,False,14,goleiro_time1,0.9555125683504145,9,,,goleiro1,GOL-TIME1,0.9834849236741813,0.9888560723056532,1.0,9
0.0006307841598811165,False,14,time0,0.9618895756494814,3,,,time0,TIME0,0.9806786047037228,0.9711134858461904,1.0,8
0.0011716101827053333,False,14,time0,0.8993039108930513,2,,,time0,TIME0,0.9507875048815002,0.9297332548649853,1.0,3
0.00197709172672389,False,14,time1,0.8578255150181081,5,,,time1,TIME1,0.9425399643079226,0.949588939448001,1.0,1
0.0009577169162043011,False,14,time1,0.9012545880265007,8,,,time1,TIME1,0.8621774815193617,0.9716149223373023,0.0,4
0.001514271243068731,False,14,time0,0.8699862202718134,1,,,time0,TIME0,0.843989757503577,0.9381741068560517,0.0,5
0.0008304246734201056,False,14,time1,0.8979379054173942,6,,,time1,TIME1,0.8407435498546694,0.8887242250110066,0.0,7
0.0019728243224092492,False,14,time1,0.7974532099768041,7,,,time1,TIME1,0.8039278396546258,0.866395311470581,0.0,12
0.004108826685536296,False,14,time0,0.686717216183293,4,,,time0,TIME0,0.7885695328132678,0.9555843429216653,0.0,6
3.6215104939630375e-05,False,15,time0,0.9962122105301399,0,,,time0,TIME0,0.9964870891962078,0.9909246065026142,1.0,2
3.954807601153709e-05,False,15,goleiro_time1,0.9790529524582856,9,,,goleiro1,GOL-TIME1,0.9904851190278839,0.9875171135788083,1.0,9
0.00035534788252419174,False,15,time0,0.9686266543803189,3,,,time0,TIME0,0.9830193130019036,0.9725771516973,1.0,8
0.0009224926176864894,False,15,time0,0.915978107158303,2,,,time0,TIME0,0.9564651486881831,0.9307283118764635,1.0,3
0.0018246050263606916,False,15,time1,0.8742451013162548,5,,,time1,TIME1,0.9486750595661039,0.9531478518586205,1.0,1
0.00034744542756222455,False,15,time1,0.9544005320261011,6,,,time1,TIME1,0.8567469397876554,0.8842877798821331,0.0,7
0.0017360072271621397,False,15,time1,0.8537016159585902,8,,,time1,TIME1,0.8453194989246237,0.9655456496414185,0.0,4
0.0018419587449098776,False,15,time0,0.8501018555089118,1,,,time0,TIME0,0.8382730579144599,0.940583517466465,0.0,5
0.0017921417865287424,False,15,time0,0.8254269744512999,4,,,time0,TIME0,0.8343126398724843,0.9628850571149188,0.0,6
0.002030504595726331,False,15,time1,0.7730763014221087,7,,,time1,TIME1,0.7996430883801575,0.878743034267674,0.0,12
1.9246808157530797e-05,False,16,time0,0.9987262902358903,0,,,time0,TIME0,0.9973199483878359,0.9909246065026142,1.0,2
1.6178572878116113e-05,False,16,goleiro_time1,0.9933717213011941,9,,,goleiro1,GOL-TIME1,0.994854116213083,0.9875171135788083,1.0,9
0.00022366736554590747,False,16,time0,0.9837303153286073,3,,,time0,TIME0,0.9878084476383829,0.9725771516973,1.0,8
0.0004935113880249846,False,16,time0,0.9487887777819655,2,,,time0,TIME0,0.966566025070427,0.9307283118764635,1.0,3
0.002001831470040777,False,16,time1,0.8634269678130543,5,,,time1,TIME1,0.945371490304137,0.9531478518586205,1.0,1
0.0002368652149032086,False,16,time0,0.9551898919151064,4,,,time0,TIME0,0.8759840091848172,0.9628850571149188,0.0,6
0.00020134759448592272,False,16,time1,0.9663106364295714,6,,,time1,TIME1,0.8606679681747201,0.8842877798821331,0.0,7
0.0013695199105959524,False,16,time1,0.8748569160015082,8,,,time1,TIME1,0.8523386667412969,0.9655456496414185,0.0,4
0.001986589841657875,False,16,time0,0.8397114674626053,1,,,time0,TIME0,0.8348318185359873,0.940583517466465,0.0,5
0.0013859992059585015,False,16,time1,0.8237960614247235,7,,,time1,TIME1,0.8151197468006746,0.878743034267674,0.0,12
3.7002268444147576e-05,False,17,time0,0.9975720109453134,0,,,time0,TIME0,0.9969568908854486,0.9909246065026142,1.0,2
6.0456982940115266e-05,False,17,goleiro_time1,0.9897566635110006,9,,,goleiro1,GOL-TIME1,0.9937209485268722,0.9875171135788083,1.0,9
0.00036667644685394444,False,17,time0,0.9630422988224215,3,,,time0,TIME0,0.9816236891409874,0.9725771516973,1.0,8
0.00044262813662129585,False,17,time0,0.9532021263755357,2,,,time0,TIME0,0.9681378876451411,0.9307283118764635,1.0,3
0.002120780215975501,False,17,time1,0.8532632528974268,5,,,time1,TIME1,0.9420561391888724,0.9531478518586205,1.0,1
0.00028460513918802775,False,17,time1,0.9607019248806477,6,,,time1,TIME1,0.8589336782331927,0.8842877798821331,0.0,7
0.0012749129632417511,False,17,time1,0.8664941306918302,8,,,time1,TIME1,0.8499138068086871,0.9655456496414185,0.0,4
0.0026409169174367586,False,17,time0,0.858012976966751,4,,,time0,TIME0,0.8439248658500185,0.9628850571149188,0.0,6
0.002033964543587124,False,17,time0,0.8345538773689056,1,,,time0,TIME0,0.833475056881667,0.940583517466465,0.0,5
0.001422113959092921,False,17,time1,0.8132118285030557,7,,,time1,TIME1,0.8123178020108384,0.878743034267674,0.0,12
5.256740686673272e-06,False,18,time0,0.998362654343231,0,,,time0,TIME0,0.9970339335719169,0.9902328895462885,1.0,2
3.359117585886638e-05,False,18,goleiro_time1,0.9953457266549433,9,,,goleiro1,GOL-TIME1,0.9947087070061339,0.984745497624469,1.0,9
0.00021667086394059894,False,18,time0,0.9718734399304532,3,,,time0,TIME0,0.9842633937341602,0.9720089655319348,1.0,8
0.0005914488649556262,False,18,time0,0.9450895438207072,2,,,time0,TIME0,0.9647261455162078,0.9280582596371523,1.0,3
0.001983445855018152,False,18,time1,0.8612466616969792,5,,,time1,TIME1,0.9454313367166592,0.9558793504850962,1.0,1
0.00023010449200292992,False,18,time1,0.9682904815499574,6,,,time1,TIME1,0.8667686036607398,0.9064790329529243,0.0,7
0.0014685018148962443,False,18,time0,0.9085872968296306,4,,,time0,TIME0,0.8618283781495545,0.9655537246970254,0.0,6
0.001562535587896615,False,18,time1,0.8573712473057626,8,,,time1,TIME1,0.8459965015108889,0.9620922757669557,0.0,4
0.0009550873558300979,False,18,time1,0.86400300545643,7,,,time1,TIME1,0.8310225161866154,0.8921482275489536,0.0,12
0.0020877595288254524,False,18,time0,0.8020255182108138,1,,,time0,TIME0,0.8239152525392732,0.9409949273437881,0.0,5
3.7101129985892156e-05,False,19,time0,0.9972090879842057,0,,,time0,TIME0,0.9966588363783477,0.9902328895462885,1.0,2
0.00011781781986855353,False,19,time0,0.9795351695006246,3,,,time0,TIME0,0.9866278506295961,0.9720089655319348,1.0,8
0.000257266325653306,False,19,goleiro_time1,0.9604852628337416,9,,,goleiro1,GOL-TIME1,0.9839242627617788,0.984745497624469,1.0,9
0.0004850463364090252,False,19,time0,0.9535575019980282,2,,,time0,TIME0,0.96756412145571,0.9280582596371523,1.0,3
0.0020336209839549647,False,19,time1,0.8417245152432437,5,,,time1,TIME1,0.9388108171389479,0.9558793504850962,1.0,1
0.00011141090453984635,False,19,time1,0.9886619190640521,6,,,time1,TIME1,0.8730217284620216,0.9064790329529243,0.0,7
0.0008795143832296207,False,19,time0,0.9351429705647655,4,,,time0,TIME0,0.8707240840419953,0.9655537246970254,0.0,6
0.0013228736240829093,False,19,time1,0.8746956612691765,8,,,time1,TIME1,0.8515533060732291,0.9620922757669557,0.0,4
0.0017155915054885246,False,19,time0,0.8394696600630724,1,,,time0,TIME0,0.8349996214729287,0.9409949273437881,0.0,5
0.0010994798074939725,False,19,time1,0.8464509495346204,7,,,time1,TIME1,0.8258480813359226,0.8921482275489536,0.0,12
3.84559506986408e-05,False,20,time0,0.9953190833564352,0,,,time0,TIME0,0.9960858043996504,0.9902328895462885,1.0,2
8.91686081554762e-05,False,20,goleiro_time1,0.9860245608762529,9,,,goleiro1,GOL-TIME1,0.9917978950892827,0.984745497624469,1.0,9
0.00016563599883922714,False,20,time0,0.9793907909282812,3,,,time0,TIME0,0.9866347704235591,0.9720089655319348,1.0,8
0.0003884341159005769,False,20,time0,0.9636568424148129,2,,,time0,TIME0,0.9705930337983328,0.9280582596371523,1.0,3
0.0022805904388224635,False,20,time1,0.8395225758368555,5,,,time1,TIME1,0.9385681991113256,0.9558793504850962,1.0,1
4.853614668874827e-05,False,20,time1,0.9937787181018654,6,,,time1,TIME1,0.8746650701666486,0.9064790329529243,0.0,7
0.0006069131577250538,False,20,time0,0.9399599920966689,4,,,time0,TIME0,0.8725700531161477,0.9655537246970254,0.0,6
0.001038476766653569,False,20,time1,0.8849629793541697,8,,,time1,TIME1,0.8540498869643801,0.9620922757669557,0.0,4
0.0014542764574157969,False,20,time0,0.866145905549471,1,,,time0,TIME0,0.8433662605328966,0.9409949273437881,0.0,5
0.0012866833811769817,False,20,time1,0.8438329481292481,7,,,time1,TIME1,0.8248276359464078,0.8921482275489536,0.0,12
0.0003274009400304182,True,20,excluido,0.9379852110222467,10,,,excluir,EXCLUÍDO,0.6308746981748075,0.0,0.0,19
6.025010266324087e-05,False,21,time0,0.9947496895068324,0,,,time0,TIME0,0.9948640695059783,0.9861315906247988,1.0,2
1.0785715252077408e-05,False,21,goleiro_time1,0.9917956859561166,9,,,goleiro1,GOL-TIME1,0.9930904462374496,0.9825059723287184,1.0,9
0.0003884764013337436,False,21,time0,0.9677638296667287,3,,,time0,TIME0,0.9828635392239214,0.9722918990302634,1.0,8
0.00011905978641683978,False,21,time1,0.9846275201487005,6,,,time1,TIME1,0.9763344316378717,0.924517564516365,1.0,7
0.0005178920476034745,False,21,time0,0.9555775126269389,2,,,time0,TIME0,0.9687289490440225,0.9305856048071458,1.0,3
0.0024725901496149114,False,21,time1,0.8133947510115715,5,,,time1,TIME1,0.930800546588878,0.9570915332443852,1.0,1
0.0005674287096219867,False,21,time0,0.9370221062909867,4,,,time0,TIME0,0.8716640372204666,0.9652522927549603,0.0,6
0.0008479501210529982,False,21,time1,0.907528044645289,8,,,time1,TIME1,0.860727946529899,0.9590741921695664,0.0,4
0.0011437671401121302,False,21,time0,0.8927689763010914,1,,,time0,TIME0,0.8515821758415947,0.9400494816826892,0.0,5
0.0008466793258335698,False,21,time1,0.8996017462123553,7,,,time1,TIME1,0.8445790798983546,0.9031195597964536,0.0,12
2.0008841697998584e-05,True,21,excluido,0.9961521856444134,10,,,excluir,EXCLUÍDO,0.6486049561556231,0.0,0.0,19
2.414064789106068e-05,False,22,goleiro_time1,0.9952519408453127,9,,,goleiro1,GOL-TIME1,0.9941582262587977,0.9825059723287184,1.0,9
0.00011892619539478063,False,22,time0,0.9922218037010132,0,,,time0,TIME0,0.9939826310606336,0.9861315906247988,1.0,2
0.000497651961406312,False,22,time0,0.961197748533974,3,,,time0,TIME0,0.9808364912574823,0.9722918990302634,1.0,8
0.00012368278661921192,False,22,time1,0.9833991650002726,6,,,time1,TIME1,0.9760308449454784,0.924517564516365,1.0,7
0.0004006359619385667,False,22,time0,0.9635102704076695,2,,,time0,TIME0,0.9712200246468992,0.9305856048071458,1.0,3
0.0020164992138166225,False,22,time1,0.8291916247187003,5,,,time1,TIME1,0.9358860469975747,0.9570915332443852,1.0,1
0.0005134089799698272,False,22,time0,0.943906075973557,4,,,time0,TIME0,0.8739799130925849,0.9652522927549603,0.0,6
0.0012716056183599204,False,22,time1,0.87451657069259,8,,,time1,TIME1,0.8505687026897261,0.9590741921695664,0.0,4
0.0014127138591042007,False,22,time0,0.8702606375456166,1,,,time0,TIME0,0.8446173803614658,0.9400494816826892,0.0,5
0.0012146181463329707,False,22,time1,0.8740180894376239,7,,,time1,TIME1,0.8365910381571922,0.9031195597964536,0.0,12
7.203081451409639e-06,True,22,excluido,0.9986728815078967,10,,,excluir,EXCLUÍDO,0.649585472362425,0.0,0.0,19
1.1177459541189628e-05,False,23,goleiro_time1,0.9981989110622675,9,,,goleiro1,GOL-TIME1,0.9950519609837999,0.9825059723287184,1.0,9
0.0002231245798836988,False,23,time0,0.9836680391688515,0,,,time0,TIME0,0.9913009439161073,0.9861315906247988,1.0,2
0.000579920592638278,False,23,time0,0.9571257034023071,3,,,time0,TIME0,0.9796237323821188,0.9722918990302634,1.0,8
7.088270761262216e-05,False,23,time1,0.990910944623872,6,,,time1,TIME1,0.978290443733034,0.924517564516365,1.0,7
0.0010969205621891983,False,23,time0,0.9082212753828061,2,,,time0,TIME0,0.9536405710439241,0.9305856048071458,1.0,3
0.001374380782213754,False,23,time1,0.8780825558651124,5,,,time1,TIME1,0.9508964429186177,0.9570915332443852,1.0,1
0.0004420752044844221,False,23,time0,0.954083162908391,4,,,time0,TIME0,0.8770689159674137,0.9652522927549603,0.0,6
0.0009110965032016539,False,23,time1,0.9076247321940861,7,,,time1,TIME1,0.847015933903013,0.9031195597964536,0.0,12
0.001612377202211186,False,23,time0,0.8522504438380004,1,,,time0,TIME0,0.8390733799390409,0.9400494816826892,0.0,5
0.0013927796891181905,False,23,time1,0.8310566146993248,8,,,time1,TIME1,0.8374322862323901,0.9590741921695664,0.0,4
7.1450071524320324e-06,True,23,excluido,0.9966614793695101,10,,,excluir,EXCLUÍDO,0.6489841216988457,0.0,0.0,19
4.23123022999592e-05,False,24,goleiro_time1,0.9919919588515869,9,,,goleiro1,GOL-TIME1,0.9926087844523568,0.9802957725179041,1.0,9
0.00014195771628633432,False,24,time0,0.9900980714323268,0,,,time0,TIME0,0.9922949594480553,0.9820393089502051,1.0,2
0.00012097573254475423,False,24,time1,0.9816679104686532,6,,,time1,TIME1,0.977891503703844,0.9343489718983792,1.0,7
0.0010822458173458344,False,24,time0,0.9240560139838448,3,,,time0,TIME0,0.9686573769211902,0.9711093264279737,1.0,8
0.0009775008169005215,False,24,time0,0.9182973003980682,2,,,time0,TIME0,0.9570515378744513,0.9302924578868073,1.0,3
0.0015728956458533987,False,24,time1,0.8674687124048551,5,,,time1,TIME1,0.9475497690745699,0.9559006485244748,1.0,1
0.0006249421748955746,False,24,time0,0.9334101955587482,4,,,time0,TIME0,0.8703780301686597,0.9644505415489719,0.0,6
0.00017113187489084977,False,24,time1,0.9714470006168977,7,,,time1,TIME1,0.8665441753572107,0.9039290460431517,0.0,12
0.0016193763418999075,False,24,time0,0.8496892236098933,1,,,time0,TIME0,0.8402833072687139,0.9479920366985197,0.0,5
0.0021293554075739497,False,24,time1,0.8086728734826019,8,,,time1,TIME1,0.8288969183161907,0.955918990339546,0.0,4
8.013942523123143e-06,True,24,excluido,0.9984282937204205,10,,,excluir,EXCLUÍDO,0.649520288448343,0.0,0.0,19
0.00039702630284408984,False,25,time0,0.9839318441307767,0,,,time0,TIME0,0.9901534058605311,0.9820393089502051,1.0,2
0.00015900964062970087,False,25,goleiro_time1,0.9757511488359488,9,,,goleiro1,GOL-TIME1,0.987546100912774,0.9802957725179041,1.0,9
0.0002726429528816272,False,25,time1,0.9627743572023305,6,,,time1,TIME1,0.9720605500505446,0.9343489718983792,1.0,7
0.0012222675735829773,False,25,time0,0.9108587444522713,3,,,time0,TIME0,0.9647381813179036,0.9711093264279737,1.0,8
0.001313462160042564,False,25,time1,0.8908134426424676,5,,,time1,TIME1,0.9546562807387083,0.9559006485244748,1.0,1
0.0013794533092930693,False,25,time0,0.8859932426924529,2,,,time0,TIME0,0.9468135760920462,0.9302924578868073,1.0,3
0.0005520478208743062,False,25,time0,0.9416208111670462,4,,,time0,TIME0,0.8730353484088014,0.9644505415489719,0.0,6
0.0016704441576777542,False,25,time0,0.8406160370679319,1,,,time0,TIME0,0.8376099058424347,0.9479920366985197,0.0,5
0.0025545980164479844,False,25,time1,0.7523865207316935,8,,,time1,TIME1,0.8115531831688396,0.955918990339546,0.0,4
6.388967483333976e-05,True,25,excluido,0.9826909384717178,10,,,excluir,EXCLUÍDO,0.6447098859679072,0.0,0.0,19
9.388411249906057e-05,False,26,goleiro_time1,0.9887825302403237,9,,,goleiro1,GOL-TIME1,0.9915672359672599,0.9802957725179041,1.0,9
0.00034699789193093437,False,26,time0,0.9827261370777833,0,,,time0,TIME0,0.9899481305056327,0.9820393089502051,1.0,2
0.00018027875692120952,False,26,time1,0.9737977390441243,6,,,time1,TIME1,0.9754447275801487,0.9343489718983792,1.0,7
0.0011452023589535064,False,26,time0,0.9126954931522039,3,,,time0,TIME0,0.9654885539822614,0.9711093264279737,1.0,8
0.0007921860094764175,False,26,time0,0.9265756508904661,2,,,time0,TIME0,0.9592769866943059,0.9302924578868073,1.0,3
0.0015259986399513814,False,26,time1,0.8792171369372602,5,,,time1,TIME1,0.9512074926374202,0.9559006485244748,1.0,1
0.00043663862189412354,False,26,time0,0.9425909566626658,4,,,time0,TIME0,0.8731777587512588,0.9644505415489719,0.0,6
0.0029508754840956047,False,26,time1,0.8167136480494148,8,,,time1,TIME1,0.8300417534058706,0.955918990339546,0.0,4
0.0019887764069482007,False,26,time0,0.8060446373894932,1,,,time0,TIME0,0.8267086668313968,0.9479920366985197,0.0,5
3.5069333312715786e-05,True,26,excluido,0.9947979666344822,10,,,excluir,EXCLUÍDO,0.6483855834232802,0.0,0.0,19
3.1761309885391846e-05,False,27,goleiro_time1,0.995478404124012,9,,,goleiro1,GOL-TIME1,0.9931665680264824,0.9784104776225115,1.0,9
0.0003657055306932426,False,27,time0,0.9811267138218009,0,,,time0,TIME0,0.9886261684853767,0.9785485110407768,1.0,2
0.0008382730730382945,False,27,time0,0.9360008043951709,3,,,time0,TIME0,0.9723854360783207,0.9702628598261189,1.0,8
0.000616537596268619,False,27,time0,0.9469242973473255,2,,,time0,TIME0,0.9660794519443228,0.9312622496662484,1.0,3
0.0004150949419981777,False,27,time1,0.9326840878098177,6,,,time1,TIME1,0.9648353896468164,0.9424321295185751,1.0,7
0.0013336387293083232,False,27,time1,0.89960950482925,5,,,time1,TIME1,0.9577442907145172,0.9569632071716485,1.0,1
0.0019322932147121054,False,27,time0,0.8026815359610312,1,,,time0,TIME0,0.9281143159358619,0.9565084442370129,1.0,5
0.00032074541070622976,False,27,time0,0.9649482404490285,4,,,time0,TIME0,0.8801993599717459,0.9645885281913991,0.0,6
0.0025236328021355885,False,27,time1,0.8651315847427361,8,,,time1,TIME1,0.8450633929153557,0.9527105941800932,0.0,4
1.6729658039523474e-05,True,27,excluido,0.996623504911662,10,,,excluir,EXCLUÍDO,0.6489530440921314,0.0,0.0,19
3.762852471434321e-05,False,28,goleiro_time1,0.9921826894853468,9,,,goleiro1,GOL-TIME1,0.9922182182910323,0.9784104776225115,1.0,9
0.000344481084256447,False,28,time0,0.9806128328874951,0,,,time0,TIME0,0.988470742784257,0.9785485110407768,1.0,2
0.0006096805579575821,False,28,time0,0.9465953992835584,2,,,time0,TIME0,0.9661050572905812,0.9312622496662484,1.0,3
0.001039404966155931,False,28,time1,0.9217382144414599,5,,,time1,TIME1,0.964607290245009,0.9569632071716485,1.0,1
0.0012023042832146782,False,28,time0,0.9076158962561227,3,,,time0,TIME0,0.9635092203212116,0.9702628598261189,1.0,8
0.00015010995208836924,False,28,time1,0.9155312612637758,6,,,time1,TIME1,0.959939097819013,0.9424321295185751,1.0,7
0.001166657384027066,False,28,time0,0.8704537607591547,1,,,time0,TIME0,0.9486655460882899,0.9565084442370129,1.0,5
0.0002252308611932369,False,28,time0,0.9761510295426994,4,,,time0,TIME0,0.883578105011442,0.9645885281913991,0.0,6
0.0015236176682064727,False,28,time1,0.9221551949559553,8,,,time1,TIME1,0.8627554813762734,0.9527105941800932,0.0,4
1.6045724213363503e-06,True,28,excluido,0.996785386991977,10,,,excluir,EXCLUÍDO,0.6490224849831778,0.0,0.0,19
2.227447656292514e-05,False,29,goleiro_time1,0.9961716856982741,9,,,goleiro1,GOL-TIME1,0.9934231814246556,0.9784104776225115,1.0,9
0.00019093151530589431,False,29,time0,0.9916515986714274,0,,,time0,TIME0,0.991847909564943,0.9785485110407768,1.0,2
0.000413381735117165,False,29,time1,0.943651360010447,6,,,time1,TIME1,0.9681375303686586,0.9424321295185751,1.0,7
0.000670763350088853,False,29,time0,0.9442696709452993,2,,,time0,TIME0,0.9654145766355622,0.9312622496662484,1.0,3
0.0007861392178997608,False,29,time0,0.8992998439395714,1,,,time0,TIME0,0.9579271700565588,0.9565084442370129,1.0,5
0.0014266941792214864,False,29,time1,0.8918582122124518,5,,,time1,TIME1,0.9552157296844171,0.9569632071716485,1.0,1
0.0027417765283385713,False,29,time0,0.8018204475806437,3,,,time0,TIME0,0.9295696679976967,0.9702628598261189,1.0,8
0.00019332607064376076,False,29,time0,0.9775091509430449,4,,,time0,TIME0,0.8841210512816774,0.9645885281913991,0.0,6
0.0012533132494394674,False,29,time1,0.9427459666202447,8,,,time1,TIME1,0.8696619830111914,0.9527105941800932,0.0,4
1.54169087327416e-05,True,29,excluido,0.9958954393510921,10,,,excluir,EXCLUÍDO,0.6487448301200239,0.0,0.0,19
0.00048318105923896953,False,30,time0,0.9754710264172678,0,,,time0,TIME0,0.9858198539031456,0.9752774652767155,1.0,2
0.0008195458769460693,False,30,time0,0.9379065874503275,3,,,time0,TIME0,0.9717701681246674,0.9698158805444372,1.0,8
0.00036381780444799043,False,30,time1,0.9479227775213319,6,,,time1,TIME1,0.9706780614852569,0.9472818636031117,1.0,7
0.0005358394871176881,False,30,time0,0.954540489982807,2,,,time0,TIME0,0.9699955611939447,0.936852099772777,1.0,3
0.001364190779172357,False,30,time0,0.8614665223750013,1,,,time0,TIME0,0.9456195121713139,0.9552616379182323,1.0,5
0.00206176872518236,False,30,time1,0.861268659704483,5,,,time1,TIME1,0.9450944831363267,0.9561096137937952,1.0,1
5.760649576317328e-05,False,30,goleiro_time1,0.9925723138051638,9,,,goleiro1,GOL-TIME1,0.8919267118794882,0.9769276617117213,0.0,9
0.00034204123759229427,False,30,time0,0.9623640045724777,4,,,time0,TIME0,0.8789259770179654,0.9627385544612821,0.0,6
0.0009300149096089426,False,30,time1,0.9376673821441419,8,,,time1,TIME1,0.8673823711074264,0.948917709207643,0.0,4
3.553616627050962e-05,True,30,excluido,0.9873519791693937,10,,,excluir,EXCLUÍDO,0.6461407441030276,0.0,0.0,19
0.00038457069347472625,False,31,time0,0.9758531932986951,0,,,time0,TIME0,0.9861411872731263,0.9752774652767155,1.0,2
0.0004290349045124831,False,31,time1,0.9454715159089222,6,,,time1,TIME1,0.9699760973891961,0.9472818636031117,1.0,7
0.0006601501883215486,False,31,time0,0.9437848528188509,2,,,time0,TIME0,0.9665899339806295,0.936852099772777,1.0,3
0.0005029374629888475,False,31,time0,0.9121700395792709,3,,,time0,TIME0,0.9647511599639108,0.9698158805444372,1.0,8
0.0013052326588359547,False,31,time0,0.8737452653678454,1,,,time0,TIME0,0.9494931013226658,0.9552616379182323,1.0,5
0.002212421348785098,False,31,time1,0.850163491051652,5,,,time1,TIME1,0.94193687851648,0.9561096137937952,1.0,1
0.00013260864038208613,False,31,goleiro_time1,0.9746935674337568,9,,,goleiro1,GOL-TIME1,0.8864549227302371,0.9769276617117213,0.0,9
0.00046451976449969406,False,31,time1,0.9577801564541394,8,,,time1,TIME1,0.8737605325619783,0.948917709207643,0.0,4
0.0005515575432184893,False,31,time0,0.9285123180577068,4,,,time0,TIME0,0.8685560372205352,0.9627385544612821,0.0,6
0.0005491000163222327,True,31,excluido,0.8982199472569278,10,,,excluir,EXCLUÍDO,0.6185949799373205,0.0,0.0,19
9.859474019325903e-05,False,32,time0,0.9791102471302592,3,,,time0,TIME0,0.9856973029989172,0.9698158805444372,1.0,8
0.00032611566071840537,False,32,time0,0.9740077547542835,0,,,time0,TIME0,0.9856304841613888,0.9752774652767155,1.0,2
0.00020935265567294058,False,32,time1,0.9727978414729872,6,,,time1,TIME1,0.9783113399820836,0.9472818636031117,1.0,7
0.0008482530440541243,False,32,time0,0.9331155804919152,2,,,time0,TIME0,0.9632314671073775,0.936852099772777,1.0,3
0.0013643806197133406,False,32,time0,0.8685391528656315,1,,,time0,TIME0,0.9479821053418327,0.9552616379182323,1.0,5
0.002328988108327447,False,32,time1,0.8341799054503926,5,,,time1,TIME1,0.9370548818819325,0.9561096137937952,1.0,1
4.327675008306208e-05,False,32,goleiro_time1,0.9905136671082306,9,,,goleiro1,GOL-TIME1,0.8912845426807151,0.9769276617117213,0.0,9
0.0002226183722626578,False,32,time0,0.9558942852410449,4,,,time0,TIME0,0.8770135138359605,0.9627385544612821,0.0,6
0.0007218294409660066,False,32,time1,0.9366493645450963,8,,,time1,TIME1,0.8672708987993616,0.948917709207643,0.0,4
0.00017847258296607794,True,32,excluido,0.965303631313082,10,,,excluir,EXCLUÍDO,0.6391758997841648,0.0,0.0,19
0.0006064655967275769,False,33,time0,0.9706432260971398,0,,,time0,TIME0,0.9845968167921575,0.9766964231783453,1.0,2
0.0002698290310627595,False,33,time0,0.9729842254745464,3,,,time0,TIME0,0.9843411690786048,0.97134979163781,1.0,8
0.00016115301998723315,False,33,time1,0.9767282673959428,6,,,time1,TIME1,0.9807286838874218,0.9515694899356372,1.0,7
0.001380735519296496,False,33,time0,0.8901100892907119,2,,,time0,TIME0,0.95148366111611,0.9442756379140522,1.0,3
0.0025032103837886945,False,33,time1,0.8073417713647356,5,,,time1,TIME1,0.9287024057089454,0.9559541748743421,1.0,1
2.8533767026802014e-05,False,33,goleiro_time1,0.9913275471765788,9,,,goleiro1,GOL-TIME1,0.8914418095063633,0.9763355207493402,0.0,9
0.00017059248829765392,False,33,time0,0.975710235426245,4,,,time0,TIME0,0.8827779845760306,0.9618999811687463,0.0,6
0.0014049177138305369,False,33,time0,0.8804770624326934,1,,,time0,TIME0,0.8499388881973517,0.9484585046490526,0.0,5
0.003029210732958904,False,33,time1,0.7171220623578677,8,,,time1,TIME1,0.7971564578838913,0.9456562620930402,0.0,4
6.583657405052937e-05,True,33,excluido,0.9870952533036745,10,,,excluir,EXCLUÍDO,0.6459916376614638,0.0,0.0,19
0.0005259086250392372,False,34,time0,0.9647297587121227,0,,,time0,TIME0,0.9830412492094792,0.9766964231783453,1.0,2
0.0001989128337421959,False,34,time1,0.9777652817326864,6,,,time1,TIME1,0.9809282465461466,0.9515694899356372,1.0,7
0.0002940696946570579,False,34,time0,0.9602196129724292,3,,,time0,TIME0,0.9806182958775574,0.97134979163781,1.0,8
0.001015150122863288,False,34,time0,0.9146022404768744,2,,,time0,TIME0,0.9592736990685479,0.9442756379140522,1.0,3
0.0019080080334602139,False,34,time1,0.8381467707096821,5,,,time1,TIME1,0.9382114489151719,0.9559541748743421,1.0,1
1.0312588309217884e-05,False,34,goleiro_time1,0.9960864923696277,9,,,goleiro1,GOL-TIME1,0.892885337872259,0.9763355207493402,0.0,9
0.00022343889230263644,False,34,time0,0.9706463535081753,4,,,time0,TIME0,0.8812304497425809,0.9618999811687463,0.0,6
0.0008898625698110465,False,34,time0,0.9120981022256814,1,,,time0,TIME0,0.8595443936902503,0.9484585046490526,0.0,5
0.0018143792062637269,False,34,time1,0.8041789368424858,8,,,time1,TIME1,0.8251900159502155,0.9456562620930402,0.0,4
1.664728451910966e-05,True,34,excluido,0.9966984774430034,10,,,excluir,EXCLUÍDO,0.6489604594375926,0.0,0.0,19
0.0003048482693275898,False,35,time0,0.9697334189036252,0,,,time0,TIME0,0.9846538325422466,0.9766964231783453,1.0,2
0.00024159007302812483,False,35,time0,0.9620139029127943,3,,,time0,TIME0,0.9810945433313616,0.97134979163781,1.0,8
0.0001828043920286555,False,35,time1,0.9719673390976988,6,,,time1,TIME1,0.9792704493403322,0.9515694899356372,1.0,7
0.0009272139752776463,False,35,time0,0.9112321255995482,2,,,time0,TIME0,0.9584715568560874,0.9442756379140522,1.0,3
0.0013792231872476652,False,35,time1,0.8738983360480598,5,,,time1,TIME1,0.9494953926349606,0.9559541748743421,1.0,1
1.2075905299289469e-05,False,35,goleiro_time1,0.9964642277966026,9,,,goleiro1,GOL-TIME1,0.892999379734903,0.9763355207493402,0.0,9
0.0001265781338972669,False,35,time0,0.9823943458049184,4,,,time0,TIME0,0.8850111662463038,0.9618999811687463,0.0,6
0.0011088776752582663,False,35,time1,0.8755292946214801,8,,,time1,TIME1,0.8474067621607385,0.9456562620930402,0.0,4
0.0019071940832625807,False,35,time0,0.8404814287052303,1,,,time0,TIME0,0.8368200352318462,0.9484585046490526,0.0,5
0.005552569377349042,False,35,time1,0.4868517923632321,7,,,time1,TIME1,0.7131347351769065,0.9039290460431517,0.0,12
2.1014782220934987e-05,True,35,excluido,0.9959475442525322,10,,,excluir,EXCLUÍDO,0.648758145863894,0.0,0.0,19
0.00038052846479909015,False,36,time0,0.9707105528012562,0,,,time0,TIME0,0.9853491106568601,0.9782573784465528,1.0,2
7.600816758195592e-05,False,36,time1,0.9873871994324098,6,,,time1,TIME1,0.9844271440985543,0.9534176016191827,1.0,7
0.0003582416063663003,False,36,time0,0.9612486622296851,3,,,time0,TIME0,0.9813290567703458,0.9740412780099581,1.0,8
0.000702715562724295,False,36,time0,0.9343864978794926,2,,,time0,TIME0,0.9659272926228764,0.9459258020402829,1.0,3
0.0017536393649761357,False,36,time1,0.8499087312160437,5,,,time1,TIME1,0.9420863065925797,0.9563664302930488,1.0,1
1.4824226195980726e-05,False,36,goleiro_time1,0.9975199478837772,9,,,goleiro1,GOL-TIME1,0.8929682215512234,0.9749157381249882,0.0,9
0.0004636866881973173,False,36,time0,0.9515149253552153,4,,,time0,TIME0,0.8748784413235831,0.9603039804455846,0.0,6
0.0002664039109762538,False,36,time1,0.956788859598964,7,,,time1,TIME1,0.8589350105650084,0.9039290460431517,0.0,12
0.0008025567212315997,False,36,time1,0.8945864102727749,8,,,time1,TIME1,0.8523893852412779,0.9417567472244658,0.0,4
0.0022299607478206552,False,36,time0,0.8165597758439357,1,,,time0,TIME0,0.8297943366941023,0.9490902300153402,0.0,5
9.681142275769724e-06,True,36,excluido,0.9978456796909718,10,,,excluir,EXCLUÍDO,0.6493263377020225,0.0,0.0,19
0.00040005188012447114,False,37,time0,0.9751562380747394,0,,,time0,TIME0,0.9866796813356663,0.9782573784465528,1.0,2
3.452473713893408e-05,False,37,time1,0.9883836039738798,6,,,time1,TIME1,0.9847627624724608,0.9534176016191827,1.0,7
0.0007721483961811967,False,37,time0,0.9262480311945406,2,,,time0,TIME0,0.963358859830937,0.9459258020402829,1.0,3
0.0009379022716898455,False,37,time0,0.9030344493654004,3,,,time0,TIME0,0.9631727627645329,0.9740412780099581,1.0,8
0.0015782479112392304,False,37,time1,0.8655214447872679,5,,,time1,TIME1,0.9471429696806143,0.9563664302930488,1.0,1
1.053047434033056e-05,False,37,goleiro_time1,0.9979568428621522,9,,,goleiro1,GOL-TIME1,0.8931034794620607,0.9749157381249882,0.0,9
0.0005696258272459639,False,37,time0,0.94219225890415,4,,,time0,TIME0,0.8721045364327293,0.9603039804455846,0.0,6
0.0001301503778664163,False,37,time1,0.970488597424672,7,,,time1,TIME1,0.8667404219100284,0.9039290460431517,0.0,12
0.0006403378267638927,False,37,time1,0.9061492103414024,8,,,time1,TIME1,0.8565603109337493,0.9417567472244658,0.0,4
0.0027970597984807734,False,37,time0,0.7689892279323318,1,,,time0,TIME0,0.8149937732252805,0.9490902300153402,0.0,5
3.3383220689832154e-05,True,37,excluido,0.9927448411363426,10,,,excluir,EXCLUÍDO,0.6477739121697029,0.0,0.0,19
0.00035901357552500654,False,38,time0,0.9739429813455758,0,,,time0,TIME0,0.9863909770900667,0.9782573784465528,1.0,2
8.260583663436667e-05,False,38,time1,0.9899522491297972,6,,,time1,TIME1,0.985208657895778,0.9534176016191827,1.0,7
0.0007682565636262839,False,38,time0,0.9295150476607503,2,,,time0,TIME0,0.9645711715232836,0.9459258020402829,1.0,3
0.0010397997654851493,False,38,time0,0.8916776724107057,3,,,time0,TIME0,0.9598502227740356,0.9740412780099581,1.0,8
0.0011946862085713866,False,38,time1,0.9006807456523042,5,,,time1,TIME1,0.9578747309242314,0.9563664302930488,1.0,1
1.7627039210476814e-05,False,38,goleiro_time1,0.9962246216355258,9,,,goleiro1,GOL-TIME1,0.892570955853853,0.9749157381249882,0.0,9
0.0007713541301444139,False,38,time0,0.9240797640674888,4,,,time0,TIME0,0.8664474579316999,0.9603039804455846,0.0,6
0.00019126869534210838,False,38,time1,0.9650715470275559,7,,,time1,TIME1,0.8652495284826512,0.9039290460431517,0.0,12
0.0007754413838013764,False,38,time1,0.8987308660496234,8,,,time1,TIME1,0.854153665643372,0.9417567472244658,0.0,4
0.0019927962372810132,False,38,time0,0.820697529850804,1,,,time0,TIME0,0.8310985253222999,0.9490902300153402,0.0,5
2.2359264627231912e-05,True,38,excluido,0.9955986904796092,10,,,excluir,EXCLUÍDO,0.6486514506237209,0.0,0.0,19
0.0006577173680911015,False,39,time0,0.9675769839197076,0,,,time0,TIME0,0.984217832688409,0.9789884117523626,1.0,2
0.000127716403474476,False,39,time1,0.9803730579601556,6,,,time1,TIME1,0.9829512261025538,0.956027132799151,1.0,7
0.0006194960038867174,False,39,time0,0.9320868621931427,3,,,time0,TIME0,0.9727993419059257,0.9762035823937518,1.0,8
0.0009217863215850529,False,39,time0,0.9161364829972399,2,,,time0,TIME0,0.961129122937905,0.9489275419747341,1.0,3
0.001424133006086526,False,39,time1,0.8703549931717984,5,,,time1,TIME1,0.9488925491331381,0.9569768180589731,1.0,1
9.014663953153696e-06,False,39,goleiro_time1,0.9986090298555638,9,,,goleiro1,GOL-TIME1,0.8932954629191803,0.9749157381249882,0.0,9
0.0010284010129169008,False,39,time0,0.8953743281425489,4,,,time0,TIME0,0.8572563581935673,0.9590222892533371,0.0,6
0.0003483470433009639,False,39,time1,0.9341488065547614,7,,,time1,TIME1,0.8557830456922129,0.9039290460431517,0.0,12
0.000712229100299771,False,39,time1,0.9015304279336573,8,,,time1,TIME1,0.854288551181926,0.9381177083549528,0.0,4
0.0015881230691717698,False,39,time0,0.845970379891695,1,,,time0,TIME0,0.8405774151215464,0.9541713384472752,0.0,5
6.502880369012205e-06,True,39,excluido,0.9984441558503384,10,,,excluir,EXCLUÍDO,0.6495164747002193,0.0,0.0,19
0.00022257045553605192,False,40,time0,0.9741206042324402,3,,,time0,TIME0,0.9856002314203055,0.9762035823937518,1.0,8
0.0005966164645025534,False,40,time0,0.9688759403839716,0,,,time0,TIME0,0.984782081638829,0.9789884117523626,1.0,2
0.0004153885809749853,False,40,time1,0.9396556007142013,6,,,time1,TIME1,0.9702138033802318,0.956027132799151,1.0,7
0.001126368675609671,False,40,time0,0.8919159493169895,2,,,time0,TIME0,0.9534502116006484,0.9489275419747341,1.0,3
0.0011874874877260031,False,40,time1,0.8823689860926107,5,,,time1,TIME1,0.9524634325472,0.9569768180589731,1.0,1
5.478136208980067e-05,False,40,goleiro_time1,0.9911066513928498,9,,,goleiro1,GOL-TIME1,0.8909676817080991,0.9749157381249882,0.0,9
0.0002621342490709999,False,40,time1,0.9543647559254436,7,,,time1,TIME1,0.8619875778110628,0.9039290460431517,0.0,12
0.0009045930188003218,False,40,time0,0.9065082489493997,4,,,time0,TIME0,0.8607386048204388,0.9590222892533371,0.0,6
0.0007051292061176252,False,40,time1,0.9072075081561468,8,,,time1,TIME1,0.8559526033020384,0.9381177083549528,0.0,4
0.0012432263345806677,False,40,time0,0.8763519073476685,1,,,time0,TIME0,0.849923754341246,0.9541713384472752,0.0,5
3.680191996033883e-05,True,40,excluido,0.993372022214221,10,,,excluir,EXCLUÍDO,0.6479499107836542,0.0,0.0,19
7.324559960798689e-05,False,41,time0,0.9765927751119814,3,,,time0,TIME0,0.9868225331918712,0.9762035823937518,1.0,8
0.0004679353215338279,False,41,time0,0.9717136960294589,0,,,time0,TIME0,0.9856963499097622,0.9789884117523626,1.0,2
0.0006938292294802413,False,41,time1,0.9259265580939786,6,,,time1,TIME1,0.9658597273180921,0.956027132799151,1.0,7
0.0009332209926736157,False,41,time0,0.908690319641072,2,,,time0,TIME0,0.9588064947682334,0.9489275419747341,1.0,3
0.0012350504067602899,False,41,time1,0.8813663849536697,5,,,time1,TIME1,0.9524748399267177,0.9569768180589731,1.0,1
7.177287685962997e-05,False,41,goleiro_time1,0.9882015290003021,9,,,goleiro1,GOL-TIME1,0.8901116232407045,0.9749157381249882,0.0,9
0.00017556781214967776,False,41,time1,0.9797224265476745,7,,,time1,TIME1,0.869546313788888,0.9039290460431517,0.0,12
0.000833177767123356,False,41,time0,0.9075805930930321,4,,,time0,TIME0,0.8611846486887618,0.9590222892533371,0.0,6
0.000910094234434237,False,41,time1,0.8954467135757488,8,,,time1,TIME1,0.8520968836502929,0.9381177083549528,0.0,4
0.0016707012693457674,False,41,time0,0.8418143820996414,1,,,time0,TIME0,0.8392526520828271,0.9541713384472752,0.0,5
1.522073774279887e-05,True,41,excluido,0.9974781863282445,10,,,excluir,EXCLUÍDO,0.6492135676283877,0.0,0.0,19
0.00041968406565826184,False,42,time0,0.9681416963202905,0,,,time0,TIME0,0.9846871771528934,0.9786378017406567,1.0,2
0.0002115862498733388,False,42,time0,0.9561552536883425,3,,,time0,TIME0,0.981155039133868,0.9783967320070908,1.0,8
0.0004063175565258404,False,42,time0,0.9574349107287766,2,,,time0,TIME0,0.974411799603545,0.9516731255881554,1.0,3
0.0010808709700287154,False,42,time1,0.8920824039099212,5,,,time1,TIME1,0.9557893241598093,0.9571996951869118,1.0,1
0.0011188785480119063,False,42,time1,0.8668680672130747,6,,,time1,TIME1,0.9479452279552705,0.9573779004213749,1.0,7
1.680744028015134e-05,False,42,goleiro_time1,0.9970068215832689,9,,,goleiro1,GOL-TIME1,0.8923562160471132,0.9732375395657966,0.0,9
0.00014253086527397826,False,42,time1,0.9692334622643449,7,,,time1,TIME1,0.8665380693371186,0.9039290460431517,0.0,12
0.0011404849584874689,False,42,time0,0.8900100821207414,1,,,time0,TIME0,0.853945675118279,0.9533639089954973,0.0,5
0.0010550102441908298,False,42,time0,0.8701733760321632,4,,,time0,TIME0,0.8493128355918258,0.9575008648454121,0.0,6
0.0013782108734703299,False,42,time1,0.8685466575324461,8,,,time1,TIME1,0.8434909097294829,0.9381177083549528,0.0,4
1.579716372468228e-05,True,42,excluido,0.9944535124773491,10,,,excluir,EXCLUÍDO,0.6483006771491288,0.0,0.0,19
0.00018727792197611762,False,43,time0,0.9834820923149244,3,,,time0,TIME0,0.9893256520831394,0.9783967320070908,1.0,8
0.00031399031909939024,False,43,time0,0.9801562611592713,0,,,time0,TIME0,0.988348802421756,0.9786378017406567,1.0,2
0.0004286532956003293,False,43,time0,0.959674859259552,2,,,time0,TIME0,0.9753033019228502,0.9516731255881554,1.0,3
0.0006701733325870784,False,43,time1,0.934315208095269,5,,,time1,TIME1,0.9686502013091186,0.9571996951869118,1.0,1
0.0008997618763532888,False,43,time1,0.890507465981971,6,,,time1,TIME1,0.9555066547397978,0.9573779004213749,1.0,7
1.4923680672338544e-05,False,43,goleiro_time1,0.9953376738323602,9,,,goleiro1,GOL-TIME1,0.8918774780994293,0.9732375395657966,0.0,9
0.00010533196766314135,False,43,time1,0.9911938204971752,7,,,time1,TIME1,0.8731607580420989,0.9039290460431517,0.0,12
0.0010476224945224356,False,43,time0,0.9010461081751885,1,,,time0,TIME0,0.8575120878280786,0.9533639089954973,0.0,5
0.0007592101190120152,False,43,time0,0.8903871051062885,4,,,time0,TIME0,0.8555564790149657,0.9575008648454121,0.0,6
0.0010451173299276264,False,43,time1,0.8498013713108826,8,,,time1,TIME1,0.8380533668437224,0.9381177083549528,0.0,4
1.449924888093809e-05,True,43,excluido,0.9976241732411761,10,,,excluir,EXCLUÍDO,0.649271060882775,0.0,0.0,19
0.00036148348112035456,False,44,time0,0.9607321149762419,0,,,time0,TIME0,0.9824977715117799,0.9786378017406567,1.0,2
0.00016888030874720103,False,44,time0,0.9742665977675159,2,,,time0,TIME0,0.9798470928302867,0.9516731255881554,1.0,3
0.0003809051019386581,False,44,time0,0.9519794241794766,3,,,time0,TIME0,0.9794681556293922,0.9783967320070908,1.0,8
0.0006901856304280098,False,44,time1,0.9265198603993493,5,,,time1,TIME1,0.9664933403605266,0.9571996951869118,1.0,1
0.0007708647656713169,False,44,time1,0.9029600057022865,6,,,time1,TIME1,0.9593269412808206,0.9573779004213749,1.0,7
2.4346247175508607e-05,False,44,goleiro_time1,0.9928269448818596,9,,,goleiro1,GOL-TIME1,0.8911188559009091,0.9732375395657966,0.0,9
0.0003098478686202498,False,44,time0,0.9571184193871656,4,,,time0,TIME0,0.875880765540841,0.9575008648454121,0.0,6
0.0003189497383523766,False,44,time1,0.945787141207974,7,,,time1,TIME1,0.8591920945638564,0.9039290460431517,0.0,12
0.002082789582605001,False,44,time0,0.8131772544992505,1,,,time0,TIME0,0.8295996993011301,0.9533639089954973,0.0,5
6.211454909068334e-05,True,44,excluido,0.984014353097053,10,,,excluir,EXCLUÍDO,0.6451073285891579,0.0,0.0,19
8.803769477239929e-05,False,45,time0,0.9824090669539078,3,,,time0,TIME0,0.9888987872755647,0.9780423271482686,1.0,8
0.000241486502887981,False,45,time0,0.9703700928168218,0,,,time0,TIME0,0.9852475433020934,0.9777996848541106,1.0,2
0.00021683554122441326,False,45,time0,0.9679065023565959,2,,,time0,TIME0,0.978452297985005,0.9532598458932475,1.0,3
0.00037756412149331264,False,45,time1,0.9515240989914997,6,,,time1,TIME1,0.975152352576992,0.9612334476351296,1.0,7
0.0007099671974350572,False,45,time1,0.9330328895924818,5,,,time1,TIME1,0.9686192399602304,0.9575982393460822,1.0,1
3.6815805569456664e-06,False,45,goleiro_time1,0.9927718484209659,9,,,goleiro1,GOL-TIME1,0.890598938590519,0.9711546254726273,0.0,9
0.0002166625945637469,False,45,time0,0.9453402626919393,4,,,time0,TIME0,0.872560332724392,0.9569734993089931,0.0,6
0.0001456527960143979,False,45,time1,0.9746950290003821,7,,,time1,TIME1,0.8681317412021976,0.9039290460431517,0.0,12
0.0020570084051284897,False,45,time0,0.8122534335538512,1,,,time0,TIME0,0.8296341126972628,0.9522745693371363,0.0,5
2.7619401608491323e-05,True,45,excluido,0.9933885083844557,10,,,excluir,EXCLUÍDO,0.6479543407751254,0.0,0.0,19
0.00018418951265137276,False,46,time0,0.9797965210000701,3,,,time0,TIME0,0.9881609312313305,0.9780423271482686,1.0,8
0.000294513399994162,False,46,time0,0.9788910624590994,0,,,time0,TIME0,0.9877197633046298,0.9777996848541106,1.0,2
0.00012818335692165649,False,46,time0,0.9872149851483835,2,,,time0,TIME0,0.9842929888047067,0.9532598458932475,1.0,3
0.00015133125787761872,False,46,time1,0.9735635646454228,6,,,time1,TIME1,0.9820107651034947,0.9612334476351296,1.0,7
0.0009534125787218792,False,46,time1,0.9198015359858391,5,,,time1,TIME1,0.9642131253165783,0.9575982393460822,1.0,1
1.4955745117666876e-05,False,46,goleiro_time1,0.9972692017752939,9,,,goleiro1,GOL-TIME1,0.8919431138691061,0.9711546254726273,0.0,9
0.0004211781594188821,False,46,time0,0.9408280948678648,4,,,time0,TIME0,0.8709601792433244,0.9569734993089931,0.0,6
0.00019737566819662237,False,46,time1,0.9661040227543864,7,,,time1,TIME1,0.86558167484448,0.9039290460431517,0.0,12
0.0016398009924712279,False,46,time0,0.8325675374921848,1,,,time0,TIME0,0.835717625852027,0.9522745693371363,0.0,5
2.6494130616560198e-05,True,46,excluido,0.9955697621311973,10,,,excluir,EXCLUÍDO,0.6486376282244238,0.0,0.0,19
0.00016272001616832204,False,47,time0,0.9819216557223491,3,,,time0,TIME0,0.9889226747712206,0.9780423271482686,1.0,8
0.00017799459522769916,False,47,time0,0.9738978636063078,0,,,time0,TIME0,0.9863592068628045,0.9777996848541106,1.0,2
0.00013570864205413586,False,47,time0,0.9745017596483833,2,,,time0,TIME0,0.9804970946938586,0.9532598458932475,1.0,3
0.00012639925154892147,False,47,time1,0.9337351411463967,6,,,time1,TIME1,0.9702849872354385,0.9612334476351296,1.0,7
0.0008196047264991268,False,47,time1,0.9283859808665336,5,,,time1,TIME1,0.9670164188718663,0.9575982393460822,1.0,1
1.0626399745968928e-05,False,47,goleiro_time1,0.9971709556890248,9,,,goleiro1,GOL-TIME1,0.8919247914896341,0.9711546254726273,0.0,9
0.00026335055772147683,False,47,time0,0.9660248534636006,4,,,time0,TIME0,0.8786906563386667,0.9569734993089931,0.0,6
0.0019970131121518223,False,47,time0,0.7919608949742662,1,,,time0,TIME0,0.8235720474509695,0.9522745693371363,0.0,5
2.234815740824698e-05,True,47,excluido,0.9970633000513792,10,,,excluir,EXCLUÍDO,0.6490944630947993,0.0,0.0,19
0.00019603627012536464,False,48,time0,0.9831925561980689,0,,,time0,TIME0,0.9889855684157006,0.9771256076972681,1.0,2
0.0004707683187250659,False,48,time0,0.970110697870506,3,,,time0,TIME0,0.9847493835376521,0.9778813564804012,1.0,8
0.0001533173161454689,False,48,time1,0.9589703955146172,6,,,time1,TIME1,0.9779818043669833,0.9624551619368455,1.0,7
0.0003955732515734898,False,48,time0,0.9492421233405819,2,,,time0,TIME0,0.9728115711904415,0.9545355235742168,1.0,3
0.000776747285823146,False,48,time1,0.9305077964485375,5,,,time1,TIME1,0.9681460980262208,0.9590139404188671,1.0,1
1.018537054155773e-05,False,48,goleiro_time1,0.9978367930150132,9,,,goleiro1,GOL-TIME1,0.8915982771858937,0.9690371984449514,0.0,9
0.0005927014979854042,False,48,time0,0.9383188943007825,4,,,time0,TIME0,0.8697872422574722,0.9563614540859899,0.0,6
0.001818732855613021,False,48,time0,0.8029167946087515,1,,,time0,TIME0,0.8262763562513741,0.9494655089851753,0.0,5
2.627323552155466e-05,True,48,excluido,0.9957554174431354,10,,,excluir,EXCLUÍDO,0.6486942499095012,0.0,0.0,19
0.4366366307499353,False,48,time1,0.0,7,,,time1,TIME1,0.3359751310034368,0.943900524013747,1.0,23
0.0002757461506931964,False,49,time0,0.9752315380316275,0,,,time0,TIME0,0.9865297105406999,0.9771256076972681,1.0,2
0.0003794787612626139,False,49,time0,0.9740521286937963,3,,,time0,TIME0,0.9862389737376311,0.9778813564804012,1.0,8
0.0002970187675184645,False,49,time1,0.972730638563074,6,,,time1,TIME1,0.9820544720271162,0.9624551619368455,1.0,7
0.0007328880329711081,False,49,time1,0.9370236695229904,5,,,time1,TIME1,0.9699450120866405,0.9590139404188671,1.0,1
0.00048421843480872767,False,49,time0,0.9323294560707475,2,,,time0,TIME0,0.9676493889946775,0.9545355235742168,1.0,3
9.452357702192081e-07,False,49,goleiro_time1,0.9974635004328499,9,,,goleiro1,GOL-TIME1,0.8914899868167889,0.9690371984449514,0.0,9
0.00030406650882083174,False,49,time0,0.9661619742489588,4,,,time0,TIME0,0.8784626519632828,0.9563614540859899,0.0,6
0.0013177681209609324,False,49,time0,0.8510385619994832,1,,,time0,TIME0,0.8410972597070593,0.9494655089851753,0.0,5
0.0005036827722853712,False,49,time1,0.9292389351015033,7,,,time1,TIME1,0.8142889181045373,0.943900524013747,1.0,23
1.4870576560560162e-05,True,49,excluido,0.9972953117106523,10,,,excluir,EXCLUÍDO,0.6491621454684003,0.0,0.0,19
0.0178576070919777,False,49,time1,0.0,8,,,time1,TIME1,0.5471730811930061,0.9039290460431517,0.0,12
0.0001069283822792123,False,50,time0,0.9904137824096224,0,,,time0,TIME0,0.9911910131433824,0.9771256076972681,1.0,2
0.00019435609001938674,False,50,time0,0.9783492271573049,3,,,time0,TIME0,0.9876717614521893,0.9778813564804012,1.0,8
0.00019325925610809118,False,50,time1,0.9792662356024865,6,,,time1,TIME1,0.9841415521096244,0.9624551619368455,1.0,7
0.0004020690500202631,False,50,time0,0.9558751731506322,2,,,time0,TIME0,0.9748919310649306,0.9545355235742168,1.0,3
0.00104498664333394,False,50,time1,0.9176595184665565,5,,,time1,TIME1,0.9638598179639398,0.9590139404188671,1.0,1
0.0013068692851994326,False,50,time1,0.8354223690351514,7,,,time1,TIME1,0.9348557125320335,0.943900524013747,1.0,23
3.408664961948242e-06,False,50,goleiro_time1,0.9980788305897198,9,,,goleiro1,GOL-TIME1,0.8916779274649382,0.9690371984449514,0.0,9
0.00035124784430915135,False,50,time0,0.9637191650333155,4,,,time0,TIME0,0.8778445842506862,0.9563614540859899,0.0,6
0.0008594799660739196,False,50,time0,0.8947019434284804,1,,,time0,TIME0,0.8546722057256366,0.9494655089851753,0.0,5
5.219675059836388e-05,False,50,time1,0.9666452741339369,8,,,time1,TIME1,0.8537541113259708,0.9039290460431517,0.0,12
1.2255812600114737e-05,True,50,excluido,0.9975451517748462,10,,,excluir,EXCLUÍDO,0.6492389570291157,0.0,0.0,19
0.00021496146198758562,False,51,time0,0.9836727236470354,3,,,time0,TIME0,0.9892014757144671,0.9772582143873931,1.0,8
0.000309863722486914,False,51,time0,0.961342961551123,0,,,time0,TIME0,0.9819888896255591,0.9765475309166254,1.0,2
0.00020141785882297843,False,51,time0,0.9704399550635252,2,,,time0,TIME0,0.9794534269435491,0.9545676252338736,1.0,3
0.00024704920615836653,False,51,time1,0.9565064669510995,6,,,time1,TIME1,0.9771238817601725,0.9618906468711212,1.0,7
0.0013523802826621995,False,51,time1,0.8967846451461183,5,,,time1,TIME1,0.9575751294767353,0.9599502851485291,1.0,1
0.0009381418299566881,False,51,time1,0.8816146676288447,7,,,time1,TIME1,0.950459464690172,0.9484838152791201,1.0,23
5.1371632937052596e-05,False,51,goleiro_time1,0.9907623451957001,9,,,goleiro1,GOL-TIME1,0.8888442309621963,0.9667847984118048,0.0,9
0.00028097868767798013,False,51,time0,0.9428635907128634,4,,,time0,TIME0,0.8712859655817968,0.9549572706871972,0.0,6
0.00021991885194563892,False,51,time1,0.9595310386455183,8,,,time1,TIME1,0.8630937100570151,0.9022085856262227,0.0,12
0.0009660405766958025,False,51,time0,0.8902268586951284,1,,,time0,TIME0,0.8528965895512652,0.9474421796876322,0.0,5
1.2516730781514033e-05,True,51,excluido,0.9967707481347889,10,,,excluir,EXCLUÍDO,0.6490075349215999,0.0,0.0,19
0.00012438792855915524,False,52,time0,0.9885753701790754,0,,,time0,TIME0,0.990321994692291,0.9765475309166254,1.0,2
0.0003256688353403417,False,52,time0,0.97308735803702,3,,,time0,TIME0,0.9858608242060001,0.9772582143873931,1.0,8
0.00031522385139061117,False,52,time1,0.9616984832603367,6,,,time1,TIME1,0.9786102753586671,0.9618906468711212,1.0,7
0.00039675671101223857,False,52,time0,0.9563345473759461,2,,,time0,TIME0,0.9750388636961814,0.9545676252338736,1.0,3
0.0008524405448807776,False,52,time1,0.8967311941093856,7,,,time1,TIME1,0.9552667990018537,0.9484838152791201,1.0,23
0.0017184018760412593,False,52,time1,0.8586379095089152,5,,,time1,TIME1,0.9457280442360995,0.9599502851485291,1.0,1
4.537003756348219e-05,False,52,goleiro_time1,0.9908584431904823,9,,,goleiro1,GOL-TIME1,0.8888468269465635,0.9667847984118048,0.0,9
0.0005329847764706668,False,52,time0,0.9394791173336906,4,,,time0,TIME0,0.8698436941599315,0.9549572706871972,0.0,6
0.00103930411019776,False,52,time0,0.8899553379064512,1,,,time0,TIME0,0.8528507416151612,0.9474421796876322,0.0,5
1.1691970624896031e-05,True,52,excluido,0.9963504602976374,10,,,excluir,EXCLUÍDO,0.6488889657292551,0.0,0.0,19
5.2555545796387904e-05,False,53,time0,0.9946458843860084,0,,,time0,TIME0,0.992425013314851,0.9765475309166254,1.0,2
0.0002184686670541318,False,53,time0,0.9775556615656769,2,,,time0,TIME0,0.9815445800409847,0.9545676252338736,1.0,3
0.0003627121684699229,False,53,time0,0.9520636317005219,3,,,time0,TIME0,0.979406679061813,0.9772582143873931,1.0,8
0.0006670890579507595,False,53,time1,0.9202310996386089,7,,,time1,TIME1,0.9624316247673026,0.9484838152791201,1.0,23
0.0009805147257350379,False,53,time1,0.887019228621929,6,,,time1,TIME1,0.9552333569523884,0.9618906468711212,1.0,7
0.0017204313739037694,False,53,time1,0.8505232879020138,5,,,time1,TIME1,0.9433770429702076,0.9599502851485291,1.0,1
6.42906191212772e-05,False,53,goleiro_time1,0.9876187132740245,9,,,goleiro1,GOL-TIME1,0.8878501594559325,0.9667847984118048,0.0,9
0.0002447658181335494,False,53,time0,0.8973364023720356,4,,,time0,TIME0,0.857226963006315,0.9549572706871972,0.0,6
0.0010073019261745923,False,53,time0,0.896931351451492,1,,,time0,TIME0,0.8549872813760011,0.9474421796876322,0.0,5
0.00047529917625438575,False,53,time1,0.9335975458197471,8,,,time1,TIME1,0.8549848176605457,0.9022085856262227,0.0,12
4.434934660300142e-05,True,53,excluido,0.9913235655027558,10,,,excluir,EXCLUÍDO,0.6473335308511762,0.0,0.0,19
0.00017286820305100557,False,54,time0,0.9716980386927873,0,,,time0,TIME0,0.9851570162475866,0.9758333770635474,1.0,2
0.000575221506559011,False,54,time0,0.9425103296585062,3,,,time0,TIME0,0.9761109434308372,0.9761076076787698,1.0,8
0.0003587464949456349,False,54,time0,0.9555865353900426,2,,,time0,TIME0,0.9750569846899909,0.955337533693174,1.0,3
0.0006041238411072489,False,54,time1,0.9288157822487646,7,,,time1,TIME1,0.9662931846591762,0.9529893337939996,1.0,23
0.0014802372274938802,False,54,time1,0.8643703392387787,5,,,time1,TIME1,0.9476452209975408,0.9602321748973517,1.0,1
0.0014064073177761178,False,54,time1,0.8391203220481608,6,,,time1,TIME1,0.9408528013038898,0.9627604895594584,1.0,7
0.00011593654931780702,False,54,goleiro_time1,0.97997514581014,9,,,goleiro1,GOL-TIME1,0.8855245281634782,0.9667847984118048,0.0,9
0.00013436163412687934,False,54,time0,0.9650274515569673,4,,,time0,TIME0,0.8776277824841898,0.9533050260068385,0.0,6
0.00029062230305866235,False,54,time1,0.9555976673858654,8,,,time1,TIME1,0.8612799590260314,0.900056554010735,0.0,12
0.0014277237420057525,False,54,time0,0.8634650654126476,1,,,time0,TIME0,0.8445716255838014,0.9485417213013003,0.0,5
3.75527368901417e-05,True,54,excluido,0.9930666952436848,10,,,excluir,EXCLUÍDO,0.6478811206102332,0.0,0.0,19
0.000154581402008525,False,55,time0,0.9774120016988509,0,,,time0,TIME0,0.9869981080362137,0.9758333770635474,1.0,2
0.00031073976910949737,False,55,time0,0.9715462468091353,3,,,time0,TIME0,0.9850061763430192,0.9761076076787698,1.0,8
0.0003824945471949435,False,55,time0,0.9676501756195229,2,,,time0,TIME0,0.9786315912240583,0.955337533693174,1.0,3
0.0003646981633223064,False,55,time1,0.952722326162509,7,,,time1,TIME1,0.9735674669549137,0.9529893337939996,1.0,23
0.0010071984321330086,False,55,time1,0.902715893247585,5,,,time1,TIME1,0.9596345157182478,0.9602321748973517,1.0,1
0.0012064488137211251,False,55,time1,0.8472682641774077,6,,,time1,TIME1,0.9435587442806085,0.9627604895594584,1.0,7
0.0001602520510862537,False,55,goleiro_time1,0.977816883476115,9,,,goleiro1,GOL-TIME1,0.8847753916237301,0.9667847984118048,0.0,9
0.0004668416837620518,False,55,time0,0.9542948177634445,4,,,time0,TIME0,0.8737804622004557,0.9533050260068385,0.0,6
6.73400406171215e-05,False,55,time1,0.9878883764484496,8,,,time1,TIME1,0.8711618502575067,0.900056554010735,0.0,12
0.001149293417538468,False,55,time0,0.8921319539349374,1,,,time0,TIME0,0.853539375909746,0.9485417213013003,0.0,5
3.759855773557456e-05,True,55,excluido,0.9942895066606806,10,,,excluir,EXCLUÍDO,0.6482441809272974,0.0,0.0,19
3.426214320382838e-05,False,56,time0,0.9925697561343697,0,,,time0,TIME0,0.9916155057450725,0.9758333770635474,1.0,2
0.000281571622291221,False,56,time0,0.9671352667232813,3,,,time0,TIME0,0.9837924753961205,0.9761076076787698,1.0,8
0.0005281283185693443,False,56,time1,0.96130274848244,7,,,time1,TIME1,0.975824760086663,0.9529893337939996,1.0,23
0.0005568583659777691,False,56,time0,0.9524939770066283,2,,,time0,TIME0,0.9739524221207635,0.955337533693174,1.0,3
0.0008736936551085021,False,56,time1,0.9147932877556616,5,,,time1,TIME1,0.9635911264653652,0.9602321748973517,1.0,1
0.001037305964941965,False,56,time1,0.8676693122869426,6,,,time1,TIME1,0.9497831503766457,0.9627604895594584,1.0,7
0.0001581470888184221,False,56,goleiro_time1,0.9820264619073701,9,,,goleiro1,GOL-TIME1,0.8860800860333898,0.9667847984118048,0.0,9
0.00018476155820989685,False,56,time1,0.9733573899594721,8,,,time1,TIME1,0.8667728153884755,0.900056554010735,0.0,12
0.0014784525640650387,False,56,time0,0.8572811750884244,1,,,time0,TIME0,0.8426987901995986,0.9485417213013003,0.0,5
0.0036624451142745185,False,56,time0,0.7200639459240955,4,,,time0,TIME0,0.7988302416038058,0.9533050260068385,0.0,6
3.6931116290558674e-05,True,56,excluido,0.9941650017248658,10,,,excluir,EXCLUÍDO,0.6482152931556212,0.0,0.0,19
0.0,False,57,time1,0.0,novo,0.07540424872546214,True,time1,TIME1,0.0,,,4
0.0003085745114159685,False,57,time0,0.9699042485935808,0,,,time0,TIME0,0.9843012889590902,0.9752119778837997,1.0,2
0.0001731028275945423,False,57,time0,0.9609377903595879,3,,,time0,TIME0,0.9816492965872619,0.9753260379506039,1.0,8
0.0007198940516560152,False,57,time0,0.9433842815658879,2,,,time0,TIME0,0.9710559009212417,0.9552275917615702,1.0,3
0.0006139583624087547,False,57,time1,0.9259809542415313,6,,,time1,TIME1,0.9677437314873772,0.9632850833394404,1.0,7
0.0007905165085350246,False,57,time1,0.9179015130573547,7,,,time1,TIME1,0.9619624797539971,0.9508428155434048,1.0,23
0.0009980486456742758,False,57,time1,0.9002006338022764,5,,,time1,TIME1,0.9592461665907012,0.9607254375378673,1.0,1
0.00015966848927898475,False,57,goleiro_time1,0.9723661448666376,9,,,goleiro1,GOL-TIME1,0.8829560194220841,0.9655765248471034,0.0,9
7.710639663351793e-05,False,57,time1,0.9928228837314864,8,,,time1,TIME1,0.8717858243878587,0.8967201175091022,0.0,12
0.0016826454963920108,False,57,time0,0.8501487275055936,1,,,time0,TIME0,0.8401808706314677,0.94732411644792,0.0,5
0.00015616113201531858,False,57,time0,0.8276986077313108,4,,,time0,TIME0,0.8336276124529228,0.9515511228707164,0.0,6
5.961656946824637e-05,True,57,excluido,0.9864642194888001,10,,,excluir,EXCLUÍDO,0.6458468042053205,0.0,0.0,19
0.0,False,58,time1,0.0,novo,0.07540424872546214,True,time1,TIME1,0.0,,,4
0.00011965312688906722,False,58,time0,0.988136001022423,0,,,time0,TIME0,0.9900061917393846,0.9752119778837997,1.0,2
0.0004297649940970092,False,58,time0,0.9584093123963329,3,,,time0,TIME0,0.9805526923442995,0.9753260379506039,1.0,8
0.00032350532791369254,False,58,time1,0.9748696244170976,7,,,time1,TIME1,0.9795015460191444,0.9508428155434048,1.0,23
0.00043998665413936123,False,58,time1,0.9449952944245762,5,,,time1,TIME1,0.9728990487099612,0.9607254375378673,1.0,1
0.0007579124356347243,False,58,time0,0.9391024442087776,2,,,time0,TIME0,0.9697656283995321,0.9552275917615702,1.0,3
0.00052875435605618,False,58,time1,0.931606782683861,6,,,time1,TIME1,0.9697448671871777,0.9632850833394404,1.0,7
0.00011028897078684804,False,58,goleiro_time1,0.9892140755217811,9,,,goleiro1,GOL-TIME1,0.8880211995801824,0.9655765248471034,0.0,9
0.00012460308455442836,False,58,time1,0.98066884418379,8,,,time1,TIME1,0.8681484258869223,0.8967201175091022,0.0,12
0.0003364829734045747,False,58,time0,0.8610962799990176,4,,,time0,TIME0,0.8457877301626594,0.9515511228707164,0.0,6
0.00210529344876469,False,58,time0,0.819370913344895,1,,,time0,TIME0,0.8304365350568452,0.94732411644792,0.0,5
1.9063578678946047e-05,True,58,excluido,0.995014989107414,10,,,excluir,EXCLUÍDO,0.6484486912628098,0.0,0.0,19
0.0,False,59,time1,0.0,novo,0.07540424872546214,True,time1,TIME1,0.0,,,4
0.00017292159887393057,False,59,time0,0.983452179579539,0,,,time0,TIME0,0.9885988943864864,0.9752119778837997,1.0,2
0.0006391505877633313,False,59,time0,0.949372069858075,2,,,time0,TIME0,0.9729562933172812,0.9552275917615702,1.0,3
0.0007228615911013122,False,59,time0,0.9309034989269852,3,,,time0,TIME0,0.9721214448525393,0.9753260379506039,1.0,8
0.0005023211661176903,False,59,time1,0.9315399807462107,6,,,time1,TIME1,0.9697588413549739,0.9632850833394404,1.0,7
0.000691952943385174,False,59,time1,0.9263277811782691,5,,,time1,TIME1,0.9672778192921916,0.9607254375378673,1.0,1
0.0004132790274273677,False,59,time1,0.9242742480800773,7,,,time1,TIME1,0.9643762358701183,0.9508428155434048,1.0,23
0.00012673792819014863,False,59,goleiro_time1,0.9752424317247443,9,,,goleiro1,GOL-TIME1,0.8837527229182461,0.9655765248471034,0.0,9
5.558484239388866e-05,False,59,time0,0.951200776478081,4,,,time0,TIME0,0.872994953762911,0.9515511228707164,0.0,6
4.283956068515695e-05,False,59,time1,0.9692840836703077,8,,,time1,TIME1,0.8648526746059764,0.8967201175091022,0.0,12
0.0021570928253658896,False,59,time0,0.8006826189814575,1,,,time0,TIME0,0.8249800310773219,0.94732411644792,0.0,5
0.00011845071890888146,True,59,excluido,0.9856782650489821,10,,,excluir,EXCLUÍDO,0.645502944191626,0.0,0.0,19
0.0,False,60,time1,0.0,novo,0.07463036954967639,True,time1,TIME1,0.0,,,4
0.00018663268228597828,False,60,time1,0.9735823989525008,6,,,time1,TIME1,0.982664085004436,0.9639170366240445,1.0,7
0.00045076713127389283,False,60,time0,0.9555835642292816,0,,,time0,TIME0,0.9795150187150131,0.9737627211049185,1.0,2
0.0005087261789823977,False,60,time0,0.94311419240039,3,,,time0,TIME0,0.9759445828534185,0.9747452026744892,1.0,8
0.0007162386319607988,False,60,time0,0.9400313908065477,2,,,time0,TIME0,0.9704846902040317,0.9567402338541005,1.0,3
0.0008394627979251489,False,60,time1,0.9280319833342839,5,,,time1,TIME1,0.967717462309157,0.961287848830376,1.0,1
0.000772324285319516,False,60,time1,0.9247700832108207,7,,,time1,TIME1,0.9637813166481176,0.950832049501521,1.0,23
0.00018593673558870018,False,60,goleiro_time1,0.9706651609669849,9,,,goleiro1,GOL-TIME1,0.8820918889992118,0.9645123137276033,0.0,9
7.455989149599518e-05,False,60,time1,0.9854227187639929,8,,,time1,TIME1,0.8695398623926388,0.8961148383380357,0.0,12
0.0007617101596371185,False,60,time0,0.9018192019533015,4,,,time0,TIME0,0.8567725477862754,0.9496051742970821,0.0,6
0.0018584591449397302,False,60,time0,0.8155227981727693,1,,,time0,TIME0,0.8295897944969818,0.9473736134075539,0.0,5
0.0,False,61,time1,0.0,novo,0.07463036954967639,True,time1,TIME1,0.0,,,4
0.0002854691876043196,False,61,time0,0.9832570685765761,0,,,time0,TIME0,0.9879438770102938,0.9737627211049185,1.0,2
0.0002248297964159128,False,61,time0,0.9780231595517178,3,,,time0,TIME0,0.9866917161888128,0.9747452026744892,1.0,8
0.00017480355431171698,False,61,time1,0.9682379047862824,6,,,time1,TIME1,0.9812639837193903,0.9639170366240445,1.0,7
0.0007165439393834711,False,61,time1,0.9544946561203396,5,,,time1,TIME1,0.9757166330403716,0.961287848830376,1.0,1
0.0006165981199899962,False,61,time0,0.9510011402090648,2,,,time0,TIME0,0.9738504114620267,0.9567402338541005,1.0,3
0.0009873956589939112,False,61,time1,0.8999926470787977,7,,,time1,TIME1,0.9566366006599561,0.950832049501521,1.0,23
5.470677915946564e-05,False,61,goleiro_time1,0.9815225213629354,9,,,goleiro1,GOL-TIME1,0.885428436578735,0.9645123137276033,0.0,9
0.0001842187725476882,False,61,time1,0.9541484512809875,8,,,time1,TIME1,0.8600309425042962,0.8961148383380357,0.0,12
0.0007044700911233813,False,61,time0,0.9059323175341581,4,,,time0,TIME0,0.8582442535411636,0.9496051742970821,0.0,6
0.001312101923648963,False,61,time0,0.8599815664937195,1,,,time0,TIME0,0.8432694754987412,0.9473736134075539,0.0,5
0.0,False,62,time1,0.0,novo,0.07463036954967639,True,time1,TIME1,0.0,,,4
0.00012476982918245569,False,62,time0,0.9857546108236376,3,,,time0,TIME0,0.9892122467943775,0.9747452026744892,1.0,8
0.00018185446638741703,False,62,time0,0.9840312347539479,0,,,time0,TIME0,0.9883909183668537,0.9737627211049185,1.0,2
0.00042905453794096,False,62,time0,0.9624435896140116,2,,,time0,TIME0,0.9773433959635963,0.9567402338541005,1.0,3
0.0005625000595534223,False,62,time1,0.956925513753286,5,,,time1,TIME1,0.9767446911963354,0.961287848830376,1.0,1
0.00039951698334631463,False,62,time1,0.9481192139291214,6,,,time1,TIME1,0.9748895065688659,0.9639170366240445,1.0,7
0.00076975600965229,False,62,time1,0.9204855117824171,7,,,time1,TIME1,0.9630039696995224,0.950832049501521,1.0,23
5.128664035786586e-05,False,62,goleiro_time1,0.9881460233186864,9,,,goleiro1,GOL-TIME1,0.8875068395052437,0.9645123137276033,0.0,9
0.0001423412910779545,False,62,time0,0.9801065747275383,4,,,time0,TIME0,0.880895451803127,0.9496051742970821,0.0,6
6.654654824903194e-05,False,62,time1,0.985902668308908,8,,,time1,TIME1,0.8696541152057059,0.8961148383380357,0.0,12
0.0010567180988064566,False,62,time0,0.8890023887664891,1,,,time0,TIME0,0.8521895289253165,0.9473736134075539,0.0,5
0.0,False,63,time1,0.0,novo,0.08440539967422156,True,time1,TIME1,0.0,,,4
7.353992981338097e-05,False,63,time0,0.9937452008641748,0,,,time0,TIME0,0.9908522538849899,0.9717716704847683,1.0,2
0.00019309857399867625,False,63,time0,0.9835986177462018,3,,,time0,TIME0,0.9883860565396785,0.9746628018094237,1.0,8
0.0002387606017368329,False,63,time1,0.9719065710392092,5,,,time1,TIME1,0.9818142197097667,0.9630117838897814,1.0,1
0.0004714063290520064,False,63,time0,0.9597278532745945,2,,,time0,TIME0,0.9766421197453464,0.9567276149114876,1.0,3
0.00037673061396576265,False,63,time1,0.9495281919015702,6,,,time1,TIME1,0.9755809688678142,0.9648306432613137,1.0,7
0.0009491178803903891,False,63,time1,0.8981496053910952,7,,,time1,TIME1,0.9566138951515178,0.952768967428107,1.0,23
3.987023292370017e-05,False,63,goleiro_time1,0.9913836013368469,9,,,goleiro1,GOL-TIME1,0.8890401008497293,0.9666865421356554,0.0,9
7.382921214762918e-05,False,63,time0,0.9879647206767939,4,,,time0,TIME0,0.8829806045177544,0.9468306263486255,0.0,6
0.00015724473746026951,False,63,time1,0.9712762554535393,8,,,time1,TIME1,0.8669281391265856,0.9032333992033704,0.0,12
0.001359252388488114,False,63,time0,0.862656067573326,1,,,time0,TIME0,0.8451698250943398,0.9515405544223947,0.0,5
0.0,False,64,time1,0.0,novo,0.08440539967422156,True,time1,TIME1,0.0,,,4
5.402860147594477e-05,False,64,time0,0.995177435589342,0,,,time0,TIME0,0.9913944373076456,0.9717716704847683,1.0,2
0.00010390876605269671,False,64,time0,0.9879002091055084,3,,,time0,TIME0,0.9898587830921212,0.9746628018094237,1.0,8
0.0004666043069872622,False,64,time1,0.9384553055220227,6,,,time1,TIME1,0.9722583470487937,0.9648306432613137,1.0,7
0.0007669041907505482,False,64,time0,0.9393367443148405,2,,,time0,TIME0,0.9700760247973329,0.9567276149114876,1.0,3
0.0008140735787649497,False,64,time1,0.9264198901571999,5,,,time1,TIME1,0.9675459013916881,0.9630117838897814,1.0,1
0.0010683924296266089,False,64,time1,0.8770361350471475,7,,,time1,TIME1,0.9502442418449007,0.952768967428107,1.0,23
4.5704449514576686e-05,False,64,goleiro_time1,0.9925646072779977,9,,,goleiro1,GOL-TIME1,0.8893946583385495,0.9666865421356554,0.0,9
6.5648813536852e-05,False,64,time0,0.9926893901819935,4,,,time0,TIME0,0.8843973080023988,0.9468306263486255,0.0,6
0.00011575393814002217,False,64,time1,0.983956196889813,8,,,time1,TIME1,0.8708359277242134,0.9032333992033704,0.0,12
0.001667261614434304,False,64,time0,0.8343261637739854,1,,,time0,TIME0,0.8362527833570673,0.9515405544223947,0.0,5
0.0,False,65,time1,0.0,novo,0.08440539967422156,True,time1,TIME1,0.0,,,4
4.166351134368708e-05,False,65,time0,0.9931846698801268,0,,,time0,TIME0,0.9908468851809443,0.9717716704847683,1.0,2
0.0001088365790371013,False,65,time0,0.9906451174795532,3,,,time0,TIME0,0.9907198664845601,0.9746628018094237,1.0,8
0.000642957595790044,False,65,time0,0.9498028067185357,2,,,time0,TIME0,0.9734477250490282,0.9567276149114876,1.0,3
0.00063373181223607,False,65,time1,0.9348895062426187,5,,,time1,TIME1,0.9704516703147842,0.9630117838897814,1.0,1
0.0005917973456279985,False,65,time1,0.9229887194244183,6,,,time1,TIME1,0.9674787049885412,0.9648306432613137,1.0,7
0.0011011847196319465,False,65,time1,0.8603684515349851,7,,,time1,TIME1,0.9450931474571628,0.952768967428107,1.0,23
6.564831889621207e-05,False,65,goleiro_time1,0.9837842113314951,9,,,goleiro1,GOL-TIME1,0.886733537646504,0.9666865421356554,0.0,9
2.5896936069346697e-05,False,65,time0,0.9948622997701615,4,,,time0,TIME0,0.8851104717457743,0.9468306263486255,0.0,6
6.868453095035175e-05,False,65,goleiro_time1,0.9862808370250895,8,,,goleiro1,GOL-TIME1,0.8715456166637009,0.9032333992033704,0.0,12
0.0012771292577028455,False,65,time0,0.867449638853842,1,,,time0,TIME0,0.8465252336048364,0.9515405544223947,0.0,5
0.0,False,66,time1,0.0,novo,0.09210242267767688,True,time1,TIME1,0.0,,,4
1.9562067052308283e-05,False,66,time0,0.9979807837768924,0,,,time0,TIME0,0.9917441776441042,0.969637738681251,1.0,2
0.00013485151860680291,False,66,time0,0.9867146382796237,3,,,time0,TIME0,0.9895446279076693,0.9748154151348762,1.0,8
4.883475743814169e-05,False,66,goleiro_time1,0.9909167509678423,9,,,goleiro1,GOL-TIME1,0.9893550757894599,0.9685445381040139,1.0,9
0.0005687312125747436,False,66,time0,0.9510227939597752,2,,,time0,TIME0,0.9734552271000394,0.9550048947543011,1.0,3
0.0005861990282315386,False,66,time1,0.9369354079010805,5,,,time1,TIME1,0.971488697156983,0.9639747094394162,1.0,1
0.0006483296468014727,False,66,time1,0.9151433793734585,6,,,time1,TIME1,0.9655079298717751,0.9663714266942112,1.0,7
0.000825872660491109,False,66,time1,0.8899131509244605,7,,,time1,TIME1,0.9542855914982903,0.9530400911350461,1.0,23
5.950024647775785e-05,False,66,time0,0.9879660649237698,4,,,time0,TIME0,0.8823499671879645,0.9442138822290017,0.0,6
0.000145752472444889,False,66,goleiro_time1,0.9819294458023707,8,,,goleiro1,GOL-TIME1,0.871481593724307,0.9084990973887013,0.0,12
0.0012420677086386618,False,66,time0,0.8721335678978576,1,,,time0,TIME0,0.8485122191020449,0.9524182310291109,0.0,5
0.0,False,67,time1,0.0,novo,0.09210242267767688,True,time1,TIME1,0.0,,,4
1.1784718915654895e-05,False,67,time0,0.99893053856035,0,,,time0,TIME0,0.9920636550838314,0.969637738681251,1.0,2
4.6648366540349435e-05,False,67,goleiro_time1,0.9923971102850062,9,,,goleiro1,GOL-TIME1,0.9898014654946933,0.9685445381040139,1.0,9
0.00040420057068553064,False,67,time0,0.9619032950023713,3,,,time0,TIME0,0.9817212885203274,0.9748154151348762,1.0,8
0.00035404200586860876,False,67,time0,0.9658916580629189,2,,,time0,TIME0,0.9779726715491791,0.9550048947543011,1.0,3
0.00045447789998840726,False,67,time1,0.951575025152074,5,,,time1,TIME1,0.9759571719744368,0.9639747094394162,1.0,1
0.0004848515748278289,False,67,time1,0.9461410762112402,6,,,time1,TIME1,0.9748154432875783,0.9663714266942112,1.0,7
0.0004957505627864486,False,67,time1,0.9320475195765269,7,,,time1,TIME1,0.9671689468854593,0.9530400911350461,1.0,23
0.00015893735968080548,False,67,time0,0.9776976855029819,4,,,time0,TIME0,0.8791392120685663,0.9442138822290017,0.0,6
0.00011577766820764514,False,67,goleiro_time1,0.9793629368028429,8,,,goleiro1,GOL-TIME1,0.8707436808357509,0.9084990973887013,0.0,12
0.001619462789864054,False,67,time0,0.8245414577671782,1,,,time0,TIME0,0.8337308330123825,0.9524182310291109,0.0,5
0.0,False,68,time1,0.0,novo,0.09210242267767688,True,time1,TIME1,0.0,,,4
1.2370805451190132e-05,False,68,goleiro_time1,0.9964705817847601,9,,,goleiro1,GOL-TIME1,0.9910314632461587,0.9685445381040139,1.0,9
0.00011671612833251207,False,68,time0,0.9955223077822146,0,,,time0,TIME0,0.9908748945406206,0.969637738681251,1.0,2
0.0001910876061355233,False,68,time0,0.9811800252116912,3,,,time0,TIME0,0.9877345423869922,0.9748154151348762,1.0,8
0.00032913385643846784,False,68,time1,0.9559054679208947,7,,,time1,TIME1,0.9746143159802606,0.9530400911350461,1.0,23
0.00048293069497660856,False,68,time1,0.946732989488875,5,,,time1,TIME1,0.9745520454257276,0.9639747094394162,1.0,1
0.0006908738150721691,False,68,time0,0.9472858588485177,2,,,time0,TIME0,0.9720518169831123,0.9550048947543011,1.0,3
0.0003749978243886463,False,68,time1,0.9331850968141874,6,,,time1,TIME1,0.9709200750113303,0.9663714266942112,1.0,7
0.00022691966580268012,False,68,time0,0.971066399983931,4,,,time0,TIME0,0.877117320835124,0.9442138822290017,0.0,6
0.00011332186621208158,False,68,goleiro_time1,0.9839046086569364,8,,,goleiro1,GOL-TIME1,0.8721328897883773,0.9084990973887013,0.0,12
0.0017477365518749764,False,68,time0,0.811227901127981,1,,,time0,TIME0,0.8296894164992465,0.9524182310291109,0.0,5
0.0,False,69,time1,0.0,novo,0.09868128242881014,True,time1,TIME1,0.0,,,4
4.1127349426970724e-05,False,69,time0,0.996604910019395,0,,,time0,TIME0,0.9907078921762535,0.9672626219814213,1.0,2
0.00040368649954662417,False,69,time0,0.9612174687372004,3,,,time0,TIME0,0.981456106022352,0.9744254080546779,1.0,8
0.0003992295844514261,False,69,time1,0.9520693456856472,5,,,time1,TIME1,0.9764146451150986,0.9648829689031602,1.0,1
0.00038887888661752083,False,69,time1,0.941223136842976,7,,,time1,TIME1,0.9701518316740794,0.9528392444609333,1.0,23
0.0007242242119164596,False,69,time0,0.9337826136387501,2,,,time0,TIME0,0.9678671619160754,0.9544800722505917,1.0,3
0.0002724423063451252,False,69,time1,0.9183931627706964,6,,,time1,TIME1,0.9671876303036872,0.9679491867887661,1.0,7
2.4445422623813137e-05,False,69,goleiro_time1,0.9958619853269268,9,,,goleiro1,GOL-TIME1,0.8905371869407671,0.967298950052276,0.0,9
7.926027125078191e-05,False,69,time0,0.9879737889516099,4,,,time0,TIME0,0.8817476952818031,0.9421530311214406,0.0,6
8.484482114943072e-05,False,69,goleiro_time1,0.9808945541108436,8,,,goleiro1,GOL-TIME1,0.8719651922353779,0.9116346630535894,0.0,12
0.0015581940128521722,False,69,time0,0.8263485518857798,1,,,time0,TIME0,0.8351816906572791,0.955555312717099,0.0,5
0.0,False,70,time1,0.0,novo,0.09868128242881014,True,time1,TIME1,0.0,,,4
3.056108022648575e-05,False,70,time0,0.9967596978040694,0,,,time0,TIME0,0.9907988161348191,0.9672626219814213,1.0,2
0.0004149761775122229,False,70,time0,0.9587560620778559,3,,,time0,TIME0,0.9808211371458614,0.9744254080546779,1.0,8
0.0004136601036496016,False,70,time1,0.9356052311484592,5,,,time1,TIME1,0.9714381073767557,0.9648829689031602,1.0,1
0.0004941842007600264,False,70,time1,0.9262237872952026,6,,,time1,TIME1,0.9691640026192081,0.9679491867887661,1.0,7
0.0005607003793420763,False,70,time1,0.9172687050755316,7,,,time1,TIME1,0.9627185672285008,0.9528392444609333,1.0,23
0.0014158838207190662,False,70,time0,0.8730899321619857,2,,,time0,TIME0,0.948780224477351,0.9544800722505917,1.0,3
1.1618227949494202e-05,False,70,goleiro_time1,0.9949722402931129,9,,,goleiro1,GOL-TIME1,0.8902942489562836,0.967298950052276,0.0,9
8.583118531781017e-05,False,70,time0,0.9908593880253607,4,,,time0,TIME0,0.8826791705121404,0.9421530311214406,0.0,6
2.5813901442692984e-05,False,70,goleiro_time1,0.9949611908554357,8,,,goleiro1,GOL-TIME1,0.8763146093432113,0.9116346630535894,0.0,12
0.0009432894409485251,False,70,time0,0.8890194932678996,1,,,time0,TIME0,0.8542842333252705,0.955555312717099,0.0,5
0.0,False,71,time1,0.0,novo,0.09868128242881014,True,time1,TIME1,0.0,,,4
8.256253021218676e-06,False,71,time0,0.9979546180663659,0,,,time0,TIME0,0.9911765189560751,0.9672626219814213,1.0,2
0.0004275508303955946,False,71,time0,0.9577079991495511,3,,,time0,TIME0,0.9804957175107029,0.9744254080546779,1.0,8
0.00029433781525008276,False,71,time1,0.9465385980574441,6,,,time1,TIME1,0.9755421282130476,0.9679491867887661,1.0,7
0.0005173773676760882,False,71,time1,0.943115925110823,5,,,time1,TIME1,0.9735365830345988,0.9648829689031602,1.0,1
0.0006699967331955326,False,71,time1,0.9262336784345883,7,,,time1,TIME1,0.965388172592665,0.9528392444609333,1.0,23
0.000998088115460723,False,71,time0,0.9028916576721846,2,,,time0,TIME0,0.9582247962659748,0.9544800722505917,1.0,3
2.764111189350127e-05,False,71,goleiro_time1,0.9939812945844934,9,,,goleiro1,GOL-TIME1,0.8899830529672952,0.967298950052276,0.0,9
0.00016360963370076992,False,71,time0,0.9751670218950131,4,,,time0,TIME0,0.877862234699109,0.9421530311214406,0.0,6
1.5158801441901865e-05,False,71,goleiro_time1,0.9916147493868481,8,,,goleiro1,GOL-TIME1,0.8753652510224033,0.9116346630535894,0.0,12
0.000613706019583834,False,71,time0,0.9288998971233121,1,,,time0,TIME0,0.8667761513912349,0.955555312717099,0.0,5
0.0,False,72,time1,0.0,novo,0.1037195794124901,True,time1,TIME1,0.0,,,4
8.267277800096956e-06,False,72,time0,0.9983901518348433,0,,,time0,TIME0,0.9906675407383527,0.964639362162238,1.0,2
1.0353797264838121e-05,False,72,time1,0.9889125816644652,6,,,time1,TIME1,0.9884447327463779,0.9679491867887661,1.0,7
0.00020319771535944745,False,72,time1,0.9733087843135894,5,,,time1,TIME1,0.9829737289467304,0.9658551916423996,1.0,1
0.00031750528621905523,False,72,time0,0.9636179349802458,3,,,time0,TIME0,0.9818939968604898,0.9731324557924474,1.0,8
0.0006583036313972501,False,72,time1,0.9296641460387375,7,,,time1,TIME1,0.9668950813594815,0.9547779375915229,1.0,23
0.0012524907762031157,False,72,time0,0.8760031918508401,2,,,time0,TIME0,0.9497397962506781,0.9530037261703688,1.0,3
1.3255491638412118e-05,False,72,goleiro_time1,0.9926754628244054,9,,,goleiro1,GOL-TIME1,0.8892923762035078,0.9660565786281383,0.0,9
0.00013178260319650833,False,72,time0,0.9822388497871999,4,,,time0,TIME0,0.8789936237198632,0.937856201376218,0.0,6
4.124004822353981e-05,False,72,goleiro_time1,0.9897741413632658,8,,,goleiro1,GOL-TIME1,0.8752985194090799,0.9136879679112218,0.0,12
0.000846299746216349,False,72,time0,0.908449499688298,1,,,time0,TIME0,0.8607166226796713,0.9564714291188894,0.0,5
